<?xml version='1.0'?>
<home version='7200' exportFlags='17' name='arif-putra-pertama.sh3d' camera='topCamera' selectedLevel='level-8ff8ccc6-4c92-49f6-89ee-9d6cf0071468' wallHeight='400.0'>
  <environment groundColor='00A8A8A8' skyColor='00CCE4FC' lightColor='00919191' allLevelsVisible='true'>
    <texture attribute='groundTexture' name='Grass' creator='eTeks' catalogId='eTeks#grass' width='30.0' height='30.0' image='0'/>
  </environment>
  <observerCamera attribute='observerCamera' lens='PINHOLE' x='50.0' y='50.0' z='170.0' yaw='4.442787' pitch='0.47134957' fieldOfView='1.0995575' time='1713700800000' fixedSize='true'/>
  <camera attribute='topCamera' lens='PINHOLE' x='749.8036' y='3802.5325' z='498.3605' yaw='34.687477' pitch='0.12999997' fieldOfView='1.0995575' time='1713700800000'/>
  <level id='level-8ff8ccc6-4c92-49f6-89ee-9d6cf0071468' name='Batu' elevation='0.0' floorThickness='12.0' height='400.0' elevationIndex='0'/>
  <level id='level-afe4dae2-10e0-4d1d-a77a-cb4a96fe2686' name='Bata' elevation='0.0' floorThickness='12.0' height='400.0' elevationIndex='2'/>
  <level id='level-7aeca572-9cce-4ed9-9bab-fa6d42edc0a5' name='Sloof' elevation='0.0' floorThickness='12.0' height='400.0' elevationIndex='3'/>
  <level id='level-5d4e0902-0689-4189-bf49-a62df760f1a5' name='Tiang' elevation='0.0' floorThickness='12.0' height='400.0' elevationIndex='4' viewable='false'/>
  <level id='level-af9186f3-2905-47cf-945a-f909418d792b' name='Column' elevation='0.0' floorThickness='12.0' height='400.0' elevationIndex='5'/>
  <level id='level-d390e0b3-a2c8-4f85-9a61-c60521535670' name='Walls' elevation='0.0' floorThickness='12.0' height='400.0' elevationIndex='6'/>
  <level id='level-9d3bfb13-416c-4403-a27d-5f27d39f98c9' name='DoorWindow' elevation='0.0' floorThickness='12.0' height='400.0' elevationIndex='7'/>
  <level id='level-7e53e664-d010-4b3f-948f-694e27bcbfbf' name='Ring' elevation='496.0' floorThickness='1.0' height='495.0' elevationIndex='0'/>
  <doorOrWindow level='level-9d3bfb13-416c-4403-a27d-5f27d39f98c9' catalogId='Scopia#double_door_2' name='Double door' creator='Scopia' model='2/double_door_2.obj' x='985.01416' y='2256.8438' elevation='100.0' angle='3.1415927' width='132.0' depth='15.000001' height='210.0' color='FF84240C' modelSize='157381' movable='false' cutOutShape='M0,0 v1 h1 v-1 z' wallCutOutOnBothSides='true'/>
  <doorOrWindow level='level-9d3bfb13-416c-4403-a27d-5f27d39f98c9' catalogId='Scopia#double_door_2' name='Double door' creator='Scopia' model='2/double_door_2.obj' x='998.8884' y='1985.5084' elevation='100.0' angle='3.1415927' width='132.0' depth='35.00075' height='210.0' color='FF84240C' modelSize='157381' movable='false' cutOutShape='M0,0 v1 h1 v-1 z' wallCutOutOnBothSides='true'/>
  <doorOrWindow level='level-9d3bfb13-416c-4403-a27d-5f27d39f98c9' catalogId='eTeks#fixedWindow85x123' name='Fixed window' creator='eTeks' model='4' x='1025.9639' y='2257.1804' elevation='325.0' angle='3.1415927' width='50.0' depth='15.000001' height='20.0' color='FF84240C' modelSize='2198' movable='false' cutOutShape='M0,0 v1 h1 v-1 z' wallCutOutOnBothSides='true'/>
  <doorOrWindow level='level-9d3bfb13-416c-4403-a27d-5f27d39f98c9' catalogId='eTeks#fixedWindow85x123' name='Fixed window' creator='eTeks' model='4' x='944.6107' y='2257.301' elevation='325.0' angle='1.7484555E-7' width='50.0' depth='15.000001' height='20.0' color='FF84240C' modelSize='2198' movable='false' cutOutShape='M0,0 v1 h1 v-1 z' wallCutOutOnBothSides='true'/>
  <doorOrWindow level='level-9d3bfb13-416c-4403-a27d-5f27d39f98c9' catalogId='eTeks#window85x163' name='Window' creator='eTeks' model='6' x='1155.3904' y='2256.6724' elevation='130.0' angle='1.7484555E-7' width='50.0' depth='15.000001' height='180.0' color='FF84240C' modelSize='8910' movable='false' cutOutShape='M0,0 v1 h1 v-1 z' wallCutOutOnBothSides='true'/>
  <doorOrWindow level='level-9d3bfb13-416c-4403-a27d-5f27d39f98c9' catalogId='eTeks#window85x163' name='Window' creator='eTeks' model='6' x='818.2873' y='2260.4927' elevation='130.0' angle='1.7484555E-7' width='50.0' depth='20.574753' height='180.0' color='FF84240C' modelSize='8910' movable='false' cutOutShape='M0,0 v1 h1 v-1 z' wallCutOutOnBothSides='true'/>
  <doorOrWindow level='level-9d3bfb13-416c-4403-a27d-5f27d39f98c9' catalogId='eTeks#window85x163' name='Window' creator='eTeks' model='6' x='878.2027' y='2260.4927' elevation='130.0' angle='1.7484555E-7' width='50.0' depth='20.574753' height='180.0' color='FF84240C' modelSize='8910' movable='false' cutOutShape='M0,0 v1 h1 v-1 z' wallCutOutOnBothSides='true'/>
  <doorOrWindow level='level-9d3bfb13-416c-4403-a27d-5f27d39f98c9' catalogId='eTeks#window85x163' name='Window' creator='eTeks' model='6' x='1092.6567' y='2258.128' elevation='130.0' angle='1.7484555E-7' width='50.0' depth='15.000001' height='180.0' color='FF84240C' modelSize='8910' movable='false' cutOutShape='M0,0 v1 h1 v-1 z' wallCutOutOnBothSides='true'/>
  <doorOrWindow level='level-9d3bfb13-416c-4403-a27d-5f27d39f98c9' catalogId='eTeks#fixedWindow85x123' name='Fixed window' creator='eTeks' model='4' x='1155.0007' y='2256.8208' elevation='325.0' angle='3.1415927' width='50.0' depth='15.000001' height='20.0' color='FF84240C' modelSize='2198' movable='false' cutOutShape='M0,0 v1 h1 v-1 z' wallCutOutOnBothSides='true'/>
  <doorOrWindow level='level-9d3bfb13-416c-4403-a27d-5f27d39f98c9' catalogId='eTeks#fixedWindow85x123' name='Fixed window' creator='eTeks' model='4' x='1092.691' y='2258.018' elevation='325.0' angle='3.1415927' width='50.0' depth='15.000001' height='20.0' color='FF84240C' modelSize='2198' movable='false' cutOutShape='M0,0 v1 h1 v-1 z' wallCutOutOnBothSides='true'/>
  <doorOrWindow level='level-9d3bfb13-416c-4403-a27d-5f27d39f98c9' catalogId='eTeks#fixedWindow85x123' name='Fixed window' creator='eTeks' model='4' x='817.8497' y='2257.7056' elevation='325.0' angle='3.1415927' width='50.0' depth='15.000751' height='20.0' color='FF84240C' modelSize='2198' movable='false' cutOutShape='M0,0 v1 h1 v-1 z' wallCutOutOnBothSides='true'/>
  <doorOrWindow level='level-9d3bfb13-416c-4403-a27d-5f27d39f98c9' catalogId='eTeks#fixedWindow85x123' name='Fixed window' creator='eTeks' model='4' x='878.2979' y='2257.7056' elevation='325.0' angle='3.1415927' width='50.0' depth='15.000001' height='20.0' color='FF84240C' modelSize='2198' movable='false' cutOutShape='M0,0 v1 h1 v-1 z' wallCutOutOnBothSides='true'/>
  <doorOrWindow level='level-9d3bfb13-416c-4403-a27d-5f27d39f98c9' catalogId='eTeks#window85x163' name='Window' creator='eTeks' model='6' x='521.6993' y='2258.4102' elevation='160.0' angle='1.7484555E-7' width='50.0' depth='15.000001' height='150.0' color='FF84240C' modelSize='8910' movable='false' cutOutShape='M0,0 v1 h1 v-1 z' wallCutOutOnBothSides='true'/>
  <doorOrWindow level='level-9d3bfb13-416c-4403-a27d-5f27d39f98c9' catalogId='eTeks#window85x163' name='Window' creator='eTeks' model='6' x='592.24054' y='2258.0813' elevation='160.0' angle='1.7484555E-7' width='50.0' depth='15.000001' height='150.0' color='FF84240C' modelSize='8910' movable='false' cutOutShape='M0,0 v1 h1 v-1 z' wallCutOutOnBothSides='true'/>
  <doorOrWindow level='level-9d3bfb13-416c-4403-a27d-5f27d39f98c9' catalogId='eTeks#fixedWindow85x123' name='Fixed window' creator='eTeks' model='4' x='591.84454' y='2257.7056' elevation='325.0' angle='1.7484555E-7' width='50.0' depth='15.000751' height='20.0' color='FF84240C' modelSize='2198' movable='false' cutOutShape='M0,0 v1 h1 v-1 z' wallCutOutOnBothSides='true'/>
  <doorOrWindow level='level-9d3bfb13-416c-4403-a27d-5f27d39f98c9' catalogId='eTeks#fixedWindow85x123' name='Fixed window' creator='eTeks' model='4' x='521.53107' y='2257.7056' elevation='325.0' angle='3.1415927' width='50.0' depth='15.000001' height='20.0' color='FF84240C' modelSize='2198' movable='false' cutOutShape='M0,0 v1 h1 v-1 z' wallCutOutOnBothSides='true'/>
  <doorOrWindow level='level-9d3bfb13-416c-4403-a27d-5f27d39f98c9' catalogId='eTeks#garageDoor' name='Garage door' creator='eTeks' model='8' x='1455.846' y='2257.7056' elevation='100.0' angle='1.7484555E-7' width='210.0' depth='15.000751' height='210.0' color='FF84240C' modelSize='10637' movable='false' cutOutShape='M0,0 v1 h1 v-1 z' wallCutOutOnBothSides='true'/>
  <doorOrWindow level='level-9d3bfb13-416c-4403-a27d-5f27d39f98c9' catalogId='eTeks#fixedWindow85x123' name='Fixed window' creator='eTeks' model='4' x='1376.9628' y='2258.5825' elevation='325.0' angle='3.1415927' width='50.0' depth='15.000751' height='20.0' color='FF84240C' modelSize='2198' movable='false' cutOutShape='M0,0 v1 h1 v-1 z' wallCutOutOnBothSides='true'/>
  <doorOrWindow level='level-9d3bfb13-416c-4403-a27d-5f27d39f98c9' catalogId='eTeks#openDoor' name='Open door' creator='eTeks' model='10' x='734.81805' y='1932.4554' elevation='100.0' angle='1.5711187' width='92.0' depth='68.34573' height='210.0' color='FF84240C' modelSize='14055' movable='false' cutOutShape='M0,0 v1 h1 v-1 z' wallCutOutOnBothSides='true'/>
  <doorOrWindow level='level-9d3bfb13-416c-4403-a27d-5f27d39f98c9' catalogId='eTeks#fixedWindow85x123' name='Fixed window' creator='eTeks' model='4' x='1459.2351' y='2259.2896' elevation='325.0' angle='3.1415927' width='50.0' depth='15.0' height='20.0' color='FF84240C' modelSize='2198' movable='false' cutOutShape='M0,0 v1 h1 v-1 z' wallCutOutOnBothSides='true'/>
  <doorOrWindow level='level-9d3bfb13-416c-4403-a27d-5f27d39f98c9' catalogId='eTeks#fixedWindow85x123' name='Fixed window' creator='eTeks' model='4' x='1535.3679' y='2258.2427' elevation='325.0' angle='3.1415927' width='50.0' depth='15.0' height='20.0' color='FF84240C' modelSize='2198' movable='false' cutOutShape='M0,0 v1 h1 v-1 z' wallCutOutOnBothSides='true'/>
  <doorOrWindow level='level-9d3bfb13-416c-4403-a27d-5f27d39f98c9' catalogId='eTeks#openDoor' name='Open door' creator='eTeks' model='10' x='737.53906' y='1833.5216' elevation='100.0' angle='1.5707964' width='92.0' depth='68.3' height='210.0' modelMirrored='true' color='FF84240C' modelSize='14055' movable='false' cutOutShape='M0,0 v1 h1 v-1 z' wallCutOutOnBothSides='true'/>
  <doorOrWindow level='level-9d3bfb13-416c-4403-a27d-5f27d39f98c9' catalogId='eTeks#openDoor' name='Open door' creator='eTeks' model='10' x='816.98804' y='1752.6033' elevation='100.0' angle='3.1415927' width='92.0' depth='68.3' height='210.0' modelMirrored='true' color='FF84240C' modelSize='14055' movable='false' cutOutShape='M0,0 v1 h1 v-1 z' wallCutOutOnBothSides='true'/>
  <doorOrWindow level='level-9d3bfb13-416c-4403-a27d-5f27d39f98c9' catalogId='eTeks#door' name='Door' creator='eTeks' model='12' x='1282.1548' y='1512.0006' elevation='100.0' width='92.0' depth='29.210749' height='210.0' modelMirrored='true' color='FF84240C' modelSize='14086' movable='false' cutOutShape='M0,0 v1 h1 v-1 z' wallCutOutOnBothSides='true'/>
  <doorOrWindow level='level-9d3bfb13-416c-4403-a27d-5f27d39f98c9' catalogId='eTeks#openDoor' name='Open door' creator='eTeks' model='10' x='1311.6505' y='2040.305' elevation='100.0' angle='1.5707965' width='92.0' depth='68.34573' height='210.0' color='FF84240C' modelSize='14055' movable='false' cutOutShape='M0,0 v1 h1 v-1 z' wallCutOutOnBothSides='true'/>
  <doorOrWindow level='level-9d3bfb13-416c-4403-a27d-5f27d39f98c9' catalogId='eTeks#openDoor' name='Open door' creator='eTeks' model='10' x='1310.135' y='1757.0592' elevation='100.0' angle='1.5707965' width='92.0' depth='68.3' height='210.0' color='FF84240C' modelSize='14055' movable='false' cutOutShape='M0,0 v1 h1 v-1 z' wallCutOutOnBothSides='true'/>
  <doorOrWindow level='level-9d3bfb13-416c-4403-a27d-5f27d39f98c9' catalogId='eTeks#window85x163' name='Window' creator='eTeks' model='6' x='1338.8037' y='1845.0784' elevation='160.0' angle='4.712389' width='50.0' depth='20.574753' height='150.0' color='FF84240C' modelSize='8910' movable='false' cutOutShape='M0,0 v1 h1 v-1 z' wallCutOutOnBothSides='true'/>
  <doorOrWindow level='level-9d3bfb13-416c-4403-a27d-5f27d39f98c9' catalogId='eTeks#openDoor' name='Open door' creator='eTeks' model='10' x='1503.9656' y='1684.2114' elevation='100.0' angle='3.1415927' width='80.0' depth='59.39131' height='210.0' modelMirrored='true' color='FF84240C' modelSize='14055' movable='false' cutOutShape='M0,0 v1 h1 v-1 z' wallCutOutOnBothSides='true'/>
  <doorOrWindow level='level-9d3bfb13-416c-4403-a27d-5f27d39f98c9' catalogId='eTeks#openDoor' name='Open door' creator='eTeks' model='10' x='1416.8933' y='1684.6644' elevation='100.0' angle='3.1415927' width='80.0' depth='59.4' height='210.0' color='FF84240C' modelSize='14055' movable='false' cutOutShape='M0,0 v1 h1 v-1 z' wallCutOutOnBothSides='true'/>
  <doorOrWindow level='level-9d3bfb13-416c-4403-a27d-5f27d39f98c9' catalogId='eTeks#fixedWindow85x123' name='Fixed window' creator='eTeks' model='4' x='1336.0167' y='1845.8376' elevation='325.0' angle='4.712389' width='50.0' depth='15.000751' height='20.0' color='FF84240C' modelSize='2198' movable='false' cutOutShape='M0,0 v1 h1 v-1 z' wallCutOutOnBothSides='true'/>
  <doorOrWindow level='level-9d3bfb13-416c-4403-a27d-5f27d39f98c9' catalogId='eTeks#fixedWindow85x123' name='Fixed window' creator='eTeks' model='4' x='1311.4465' y='1506.6937' elevation='325.0' angle='3.1415927' width='35.0' depth='15.000751' height='20.0' color='FF84240C' modelSize='2198' movable='false' cutOutShape='M0,0 v1 h1 v-1 z' wallCutOutOnBothSides='true'/>
  <doorOrWindow level='level-9d3bfb13-416c-4403-a27d-5f27d39f98c9' catalogId='eTeks#fixedWindow85x123' name='Fixed window' creator='eTeks' model='4' x='1254.2463' y='1506.6937' elevation='325.0' angle='3.1415927' width='35.0' depth='15.000751' height='20.0' color='FF84240C' modelSize='2198' movable='false' cutOutShape='M0,0 v1 h1 v-1 z' wallCutOutOnBothSides='true'/>
  <doorOrWindow level='level-9d3bfb13-416c-4403-a27d-5f27d39f98c9' catalogId='eTeks#fixedWindow85x123' name='Fixed window' creator='eTeks' model='4' x='845.26447' y='1777.7058' elevation='325.0' width='35.0' depth='15.000751' height='20.0' color='FF84240C' modelSize='2198' movable='false' cutOutShape='M0,0 v1 h1 v-1 z' wallCutOutOnBothSides='true'/>
  <doorOrWindow level='level-9d3bfb13-416c-4403-a27d-5f27d39f98c9' catalogId='eTeks#fixedWindow85x123' name='Fixed window' creator='eTeks' model='4' x='789.1395' y='1777.7058' elevation='325.0' angle='3.1415927' width='35.0' depth='15.000751' height='20.0' color='FF84240C' modelSize='2198' movable='false' cutOutShape='M0,0 v1 h1 v-1 z' wallCutOutOnBothSides='true'/>
  <doorOrWindow level='level-9d3bfb13-416c-4403-a27d-5f27d39f98c9' catalogId='eTeks#fixedWindow85x123' name='Fixed window' creator='eTeks' model='4' x='760.19727' y='1851.3054' elevation='325.0' angle='4.712389' width='35.0' depth='15.000751' height='20.0' color='FF84240C' modelSize='2198' movable='false' cutOutShape='M0,0 v1 h1 v-1 z' wallCutOutOnBothSides='true'/>
  <doorOrWindow level='level-9d3bfb13-416c-4403-a27d-5f27d39f98c9' catalogId='eTeks#fixedWindow85x123' name='Fixed window' creator='eTeks' model='4' x='760.19727' y='1806.7041' elevation='325.0' angle='1.5707964' width='35.0' depth='15.000751' height='20.0' color='FF84240C' modelSize='2198' movable='false' cutOutShape='M0,0 v1 h1 v-1 z' wallCutOutOnBothSides='true'/>
  <doorOrWindow level='level-9d3bfb13-416c-4403-a27d-5f27d39f98c9' catalogId='eTeks#fixedWindow85x123' name='Fixed window' creator='eTeks' model='4' x='766.7922' y='1960.4613' elevation='325.0' angle='4.712389' width='35.0' depth='15.000751' height='20.0' color='FF84240C' modelSize='2198' movable='false' cutOutShape='M0,0 v1 h1 v-1 z' wallCutOutOnBothSides='true'/>
  <doorOrWindow level='level-9d3bfb13-416c-4403-a27d-5f27d39f98c9' catalogId='eTeks#fixedWindow85x123' name='Fixed window' creator='eTeks' model='4' x='768.67645' y='1908.5876' elevation='325.0' angle='4.712389' width='35.0' depth='15.000751' height='20.0' color='FF84240C' modelSize='2198' movable='false' cutOutShape='M0,0 v1 h1 v-1 z' wallCutOutOnBothSides='true'/>
  <doorOrWindow level='level-9d3bfb13-416c-4403-a27d-5f27d39f98c9' catalogId='eTeks#fixedWindow85x123' name='Fixed window' creator='eTeks' model='4' x='958.39246' y='1987.7083' elevation='325.0' width='50.0' depth='15.000751' height='20.0' color='FF84240C' modelSize='2198' movable='false' cutOutShape='M0,0 v1 h1 v-1 z' wallCutOutOnBothSides='true'/>
  <doorOrWindow level='level-9d3bfb13-416c-4403-a27d-5f27d39f98c9' catalogId='eTeks#fixedWindow85x123' name='Fixed window' creator='eTeks' model='4' x='1040.5736' y='1986.9812' elevation='325.0' width='50.0' depth='15.0' height='20.0' color='FF84240C' modelSize='2198' movable='false' cutOutShape='M0,0 v1 h1 v-1 z' wallCutOutOnBothSides='true'/>
  <doorOrWindow level='level-9d3bfb13-416c-4403-a27d-5f27d39f98c9' catalogId='eTeks#fixedWindow85x123' name='Fixed window' creator='eTeks' model='4' x='1339.7852' y='2014.2959' elevation='325.0' angle='4.712389' width='35.0' depth='15.000751' height='20.0' color='FF84240C' modelSize='2198' movable='false' cutOutShape='M0,0 v1 h1 v-1 z' wallCutOutOnBothSides='true'/>
  <doorOrWindow level='level-9d3bfb13-416c-4403-a27d-5f27d39f98c9' catalogId='eTeks#fixedWindow85x123' name='Fixed window' creator='eTeks' model='4' x='1340.7273' y='2066.1692' elevation='325.0' angle='4.712389' width='35.0' depth='15.000751' height='20.0' color='FF84240C' modelSize='2198' movable='false' cutOutShape='M0,0 v1 h1 v-1 z' wallCutOutOnBothSides='true'/>
  <doorOrWindow level='level-9d3bfb13-416c-4403-a27d-5f27d39f98c9' catalogId='eTeks#fixedWindow85x123' name='Fixed window' creator='eTeks' model='4' x='1342.6117' y='1734.7242' elevation='325.0' angle='4.712389' width='35.0' depth='15.000751' height='20.0' color='FF84240C' modelSize='2198' movable='false' cutOutShape='M0,0 v1 h1 v-1 z' wallCutOutOnBothSides='true'/>
  <doorOrWindow level='level-9d3bfb13-416c-4403-a27d-5f27d39f98c9' catalogId='eTeks#fixedWindow85x123' name='Fixed window' creator='eTeks' model='4' x='1341.6696' y='1783.66' elevation='325.0' angle='4.712389' width='35.0' depth='15.000751' height='20.0' color='FF84240C' modelSize='2198' movable='false' cutOutShape='M0,0 v1 h1 v-1 z' wallCutOutOnBothSides='true'/>
  <doorOrWindow level='level-9d3bfb13-416c-4403-a27d-5f27d39f98c9' catalogId='Scopia#turn-window' name='Turn window' creator='Scopia' model='14/turn-window.obj' x='932.6019' y='1510.3292' elevation='325.0' width='90.0' depth='20.250751' height='60.0' color='FF84240C' modelSize='53892' movable='false' cutOutShape='M0,0 v1 h1 v-1 z' wallCutOutOnBothSides='true'/>
  <doorOrWindow level='level-9d3bfb13-416c-4403-a27d-5f27d39f98c9' catalogId='Scopia#turn-window' name='Turn window' creator='Scopia' model='14/turn-window.obj' x='583.8367' y='1505.0792' elevation='325.0' angle='3.1415927' width='90.0' depth='20.250751' height='60.0' color='FF84240C' modelSize='53892' movable='false' cutOutShape='M0,0 v1 h1 v-1 z' wallCutOutOnBothSides='true'/>
  <doorOrWindow level='level-9d3bfb13-416c-4403-a27d-5f27d39f98c9' catalogId='Scopia#turn-window' name='Turn window' creator='Scopia' model='14/turn-window.obj' x='1148.5603' y='1510.3292' elevation='325.0' width='90.0' depth='20.250751' height='60.0' color='FF84240C' modelSize='53892' movable='false' cutOutShape='M0,0 v1 h1 v-1 z' wallCutOutOnBothSides='true'/>
  <wall id='wall-21e7de3f-4b12-4800-b8c9-741d259cb3a5' level='level-8ff8ccc6-4c92-49f6-89ee-9d6cf0071468' wallAtStart='wall-d905a52e-f78c-41fb-ac99-d7fbe3e9d295' wallAtEnd='wall-f6eda1d7-f6ad-4da2-a22e-d7b525da308b' xStart='386.13873' yStart='1507.7042' xEnd='1586.0149' yEnd='1507.7042' height='50.0' thickness='30.000002' pattern='hatchUp' leftSideColor='FFFFDC7B' rightSideColor='FFFFDC7B'/>
  <wall id='wall-f6eda1d7-f6ad-4da2-a22e-d7b525da308b' level='level-8ff8ccc6-4c92-49f6-89ee-9d6cf0071468' wallAtStart='wall-21e7de3f-4b12-4800-b8c9-741d259cb3a5' wallAtEnd='wall-26b97e4f-8809-4a42-96c8-84423cb7705f' xStart='1586.0149' yStart='1507.7042' xEnd='1586.0149' yEnd='2257.7056' height='50.0' thickness='30.000002' pattern='hatchUp' leftSideColor='FFFFDC7B' rightSideColor='FFFFDC7B'/>
  <wall id='wall-9bdbf162-74d7-40e3-862f-0e389849a08e' level='level-8ff8ccc6-4c92-49f6-89ee-9d6cf0071468' xStart='386.1387' yStart='1507.7042' xEnd='386.1387' yEnd='1507.7042' height='50.0' thickness='30.000002' pattern='hatchUp' leftSideColor='FFFFDC7B' rightSideColor='FFFFDC7B'/>
  <wall id='wall-ed57ea83-5d8c-4016-addb-0ccdbfe91d9d' level='level-8ff8ccc6-4c92-49f6-89ee-9d6cf0071468' wallAtEnd='wall-66ee8145-325f-422a-825e-f1f968873e63' xStart='386.1387' yStart='1507.7042' xEnd='761.1394' yEnd='1507.7042' height='50.0' thickness='30.000002' pattern='hatchUp' leftSideColor='FFFFDC7B' rightSideColor='FFFFDC7B'/>
  <wall id='wall-66ee8145-325f-422a-825e-f1f968873e63' level='level-8ff8ccc6-4c92-49f6-89ee-9d6cf0071468' wallAtStart='wall-ed57ea83-5d8c-4016-addb-0ccdbfe91d9d' wallAtEnd='wall-57983e01-64c3-4235-8003-aec392aa65e9' xStart='761.1394' yStart='1507.7042' xEnd='761.1394' yEnd='1882.707' height='50.0' thickness='30.000002' pattern='hatchUp' leftSideColor='FFFFDC7B' rightSideColor='FFFFDC7B'/>
  <wall id='wall-57983e01-64c3-4235-8003-aec392aa65e9' level='level-8ff8ccc6-4c92-49f6-89ee-9d6cf0071468' wallAtStart='wall-66ee8145-325f-422a-825e-f1f968873e63' xStart='761.1394' yStart='1882.707' xEnd='386.13873' yEnd='1882.707' height='50.0' thickness='30.000002' pattern='hatchUp' leftSideColor='FFFFDC7B' rightSideColor='FFFFDC7B'/>
  <wall id='wall-5695b005-ca8b-4704-9e42-b8d021c28712' level='level-8ff8ccc6-4c92-49f6-89ee-9d6cf0071468' wallAtEnd='wall-a410b7d9-edc7-4fef-bf08-0c8872b802d6' xStart='761.1394' yStart='1882.707' xEnd='761.0185' yEnd='2257.7056' height='50.0' thickness='30.000002' pattern='hatchUp' leftSideColor='FFFFDC7B' rightSideColor='FFFFDC7B'/>
  <wall id='wall-e2c630ab-58a0-42c5-9092-7e1d68f3c0ed' level='level-8ff8ccc6-4c92-49f6-89ee-9d6cf0071468' wallAtStart='wall-40e03645-59d0-4e33-b64d-9379e946811f' wallAtEnd='wall-28fa852a-d2c4-4e60-991e-edd005866b5b' xStart='1586.0149' yStart='1507.7042' xEnd='1336.0167' yEnd='1507.7042' height='50.0' thickness='30.000002' pattern='hatchUp' leftSideColor='FFFFDC7B' rightSideColor='FFFFDC7B'/>
  <wall id='wall-28fa852a-d2c4-4e60-991e-edd005866b5b' level='level-8ff8ccc6-4c92-49f6-89ee-9d6cf0071468' wallAtStart='wall-e2c630ab-58a0-42c5-9092-7e1d68f3c0ed' xStart='1336.0167' yStart='1507.7042' xEnd='1336.0166' yEnd='2257.7056' height='50.0' thickness='30.000002' pattern='hatchUp' leftSideColor='FFFFDC7B' rightSideColor='FFFFDC7B'/>
  <wall id='wall-40e03645-59d0-4e33-b64d-9379e946811f' level='level-8ff8ccc6-4c92-49f6-89ee-9d6cf0071468' wallAtStart='wall-e2c630ab-58a0-42c5-9092-7e1d68f3c0ed' wallAtEnd='wall-712d8fee-632f-40fe-9ecb-5db2a0c3250b' xStart='1586.0149' yStart='1507.7042' xEnd='1586.0149' yEnd='1707.7048' height='50.0' thickness='30.000002' pattern='hatchUp' leftSideColor='FFFFDC7B' rightSideColor='FFFFDC7B'/>
  <wall id='wall-a5d31bca-96c6-4148-b860-7e3d674ade25' level='level-8ff8ccc6-4c92-49f6-89ee-9d6cf0071468' wallAtStart='wall-92132b68-4705-4bad-85c5-5a5f37484caa' wallAtEnd='wall-e697e010-d7a3-497a-a946-a97cc4ec730a' xStart='1336.0167' yStart='1507.7042' xEnd='1336.0167' yEnd='1987.7083' height='50.0' thickness='30.000002' pattern='hatchUp' leftSideColor='FFFFDC7B' rightSideColor='FFFFDC7B'/>
  <wall id='wall-e697e010-d7a3-497a-a946-a97cc4ec730a' level='level-8ff8ccc6-4c92-49f6-89ee-9d6cf0071468' wallAtStart='wall-a5d31bca-96c6-4148-b860-7e3d674ade25' xStart='1336.0167' yStart='1987.7083' xEnd='761.0185' yEnd='1987.7083' height='50.0' thickness='30.000002' pattern='hatchUp' leftSideColor='FFFFDC7B' rightSideColor='FFFFDC7B'/>
  <wall id='wall-e308b268-243b-44a3-bd26-dbafd0d4bbb7' level='level-8ff8ccc6-4c92-49f6-89ee-9d6cf0071468' wallAtEnd='wall-a02d5d35-fdd7-4731-91ff-21d23a371e78' xStart='761.1394' yStart='1507.7042' xEnd='761.1394' yEnd='1777.7058' height='50.0' thickness='30.000002' pattern='hatchUp' leftSideColor='FFFFDC7B' rightSideColor='FFFFDC7B'/>
  <wall id='wall-a02d5d35-fdd7-4731-91ff-21d23a371e78' level='level-8ff8ccc6-4c92-49f6-89ee-9d6cf0071468' wallAtStart='wall-e308b268-243b-44a3-bd26-dbafd0d4bbb7' wallAtEnd='wall-08a252fa-7dc6-4800-ac29-ecfae68e14bd' xStart='761.1394' yStart='1777.7058' xEnd='1091.1411' yEnd='1777.7058' height='50.0' thickness='30.000002' pattern='hatchUp' leftSideColor='FFFFDC7B' rightSideColor='FFFFDC7B'/>
  <wall id='wall-08a252fa-7dc6-4800-ac29-ecfae68e14bd' level='level-8ff8ccc6-4c92-49f6-89ee-9d6cf0071468' wallAtStart='wall-a02d5d35-fdd7-4731-91ff-21d23a371e78' xStart='1091.1411' yStart='1777.7058' xEnd='1091.1411' yEnd='1507.7042' height='50.0' thickness='30.000002' pattern='hatchUp' leftSideColor='FFFFDC7B' rightSideColor='FFFFDC7B'/>
  <wall id='wall-8f592b4a-e12c-4fe5-b94e-513cb4ab275b' level='level-8ff8ccc6-4c92-49f6-89ee-9d6cf0071468' wallAtStart='wall-bba7eba0-6fde-4ee7-b400-57c4c9f09440' xStart='1586.0149' yStart='1507.7042' xEnd='1211.0198' yEnd='1507.7042' height='50.0' thickness='30.000002' pattern='hatchUp' leftSideColor='FFFFDC7B' rightSideColor='FFFFDC7B'/>
  <wall id='wall-92132b68-4705-4bad-85c5-5a5f37484caa' level='level-8ff8ccc6-4c92-49f6-89ee-9d6cf0071468' wallAtStart='wall-a5d31bca-96c6-4148-b860-7e3d674ade25' xStart='1336.0167' yStart='1507.7042' xEnd='1460.0149' yEnd='1507.7042' height='50.0' thickness='30.000002' pattern='hatchUp' leftSideColor='FFFFDC7B' rightSideColor='FFFFDC7B'/>
  <wall id='wall-bba7eba0-6fde-4ee7-b400-57c4c9f09440' level='level-8ff8ccc6-4c92-49f6-89ee-9d6cf0071468' wallAtStart='wall-8f592b4a-e12c-4fe5-b94e-513cb4ab275b' wallAtEnd='wall-d61568a2-ff32-4de3-a218-2b59ae6aee99' xStart='1586.0149' yStart='1507.7042' xEnd='1460.0149' yEnd='1507.7041' height='50.0' thickness='30.000002' pattern='hatchUp' leftSideColor='FFFFDC7B' rightSideColor='FFFFDC7B'/>
  <wall id='wall-d61568a2-ff32-4de3-a218-2b59ae6aee99' level='level-8ff8ccc6-4c92-49f6-89ee-9d6cf0071468' wallAtStart='wall-bba7eba0-6fde-4ee7-b400-57c4c9f09440' xStart='1460.0149' yStart='1507.7041' xEnd='1460.0149' yEnd='1707.7048' height='50.0' thickness='30.000002' pattern='hatchUp' leftSideColor='FFFFDC7B' rightSideColor='FFFFDC7B'/>
  <wall id='wall-d905a52e-f78c-41fb-ac99-d7fbe3e9d295' level='level-8ff8ccc6-4c92-49f6-89ee-9d6cf0071468' wallAtStart='wall-26b97e4f-8809-4a42-96c8-84423cb7705f' wallAtEnd='wall-21e7de3f-4b12-4800-b8c9-741d259cb3a5' xStart='386.13873' yStart='2257.7056' xEnd='386.13873' yEnd='1507.7042' height='50.0' thickness='30.000002' pattern='hatchUp' leftSideColor='FFFFDC7B' rightSideColor='FFFFDC7B'/>
  <wall id='wall-a410b7d9-edc7-4fef-bf08-0c8872b802d6' level='level-8ff8ccc6-4c92-49f6-89ee-9d6cf0071468' wallAtStart='wall-5695b005-ca8b-4704-9e42-b8d021c28712' wallAtEnd='wall-f5473a42-2901-4543-8ae3-a4b1bc009830' xStart='761.0185' yStart='2257.7056' xEnd='761.0185' yEnd='2481.7056' height='50.0' thickness='30.000002' pattern='hatchUp' leftSideColor='FFFFDC7B' rightSideColor='FFFFDC7B'/>
  <wall id='wall-f5473a42-2901-4543-8ae3-a4b1bc009830' level='level-8ff8ccc6-4c92-49f6-89ee-9d6cf0071468' wallAtStart='wall-a410b7d9-edc7-4fef-bf08-0c8872b802d6' wallAtEnd='wall-6679b240-b503-42ba-9e7a-320fceed3870' xStart='761.0185' yStart='2481.7056' xEnd='1211.0198' yEnd='2481.7056' height='50.0' thickness='30.000002' pattern='hatchUp' leftSideColor='FFFFDC7B' rightSideColor='FFFFDC7B'/>
  <wall id='wall-6679b240-b503-42ba-9e7a-320fceed3870' level='level-8ff8ccc6-4c92-49f6-89ee-9d6cf0071468' wallAtStart='wall-f5473a42-2901-4543-8ae3-a4b1bc009830' wallAtEnd='wall-416d8735-7e84-4ebe-b611-f9863d22a49a' xStart='1211.0198' yStart='2481.7056' xEnd='1211.0198' yEnd='2257.7056' height='50.0' thickness='30.000002' pattern='hatchUp' leftSideColor='FFFFDC7B' rightSideColor='FFFFDC7B'/>
  <wall id='wall-416d8735-7e84-4ebe-b611-f9863d22a49a' level='level-8ff8ccc6-4c92-49f6-89ee-9d6cf0071468' wallAtStart='wall-6679b240-b503-42ba-9e7a-320fceed3870' xStart='1211.0198' yStart='2257.7056' xEnd='1211.0198' yEnd='2257.7056' height='50.0' thickness='30.000002' pattern='hatchUp' leftSideColor='FFFFDC7B' rightSideColor='FFFFDC7B'/>
  <wall id='wall-712d8fee-632f-40fe-9ecb-5db2a0c3250b' level='level-8ff8ccc6-4c92-49f6-89ee-9d6cf0071468' wallAtStart='wall-40e03645-59d0-4e33-b64d-9379e946811f' xStart='1586.0149' yStart='1707.7048' xEnd='1336.0167' yEnd='1707.7048' height='50.0' thickness='30.000002' pattern='hatchUp' leftSideColor='FFFFDC7B' rightSideColor='FFFFDC7B'/>
  <wall id='wall-26b97e4f-8809-4a42-96c8-84423cb7705f' level='level-8ff8ccc6-4c92-49f6-89ee-9d6cf0071468' wallAtStart='wall-f6eda1d7-f6ad-4da2-a22e-d7b525da308b' wallAtEnd='wall-d905a52e-f78c-41fb-ac99-d7fbe3e9d295' xStart='1586.0149' yStart='2257.7056' xEnd='386.13873' yEnd='2257.7056' height='50.0' thickness='30.000002' pattern='hatchUp' leftSideColor='FFFFDC7B' rightSideColor='FFFFDC7B'/>
  <wall id='wall-e6d368bd-3b20-416c-821c-65436a0ebfa7' level='level-8ff8ccc6-4c92-49f6-89ee-9d6cf0071468' wallAtStart='wall-8b67d35e-a690-42b1-b8bf-0c19c6344a37' xStart='1586.0149' yStart='2257.7056' xEnd='1211.0198' yEnd='2257.7056' height='50.0' thickness='30.000002' pattern='hatchUp' leftSideColor='FFFFDC7B' rightSideColor='FFFFDC7B'/>
  <wall id='wall-c475a597-0c37-498c-b189-f582ce216fa4' level='level-8ff8ccc6-4c92-49f6-89ee-9d6cf0071468' xStart='1211.0198' yStart='1507.7042' xEnd='1366.0198' yEnd='1507.7042' height='50.0' thickness='30.000002' pattern='hatchUp' leftSideColor='FFFFDC7B' rightSideColor='FFFFDC7B'/>
  <wall id='wall-725656b8-3660-41ab-8697-50fa0d322d8c' level='level-7aeca572-9cce-4ed9-9bab-fa6d42edc0a5' wallAtStart='wall-30dfc206-d861-4970-b5e5-64aae300b523' wallAtEnd='wall-51842c80-4da5-46ab-86d9-e01aa1d847da' xStart='1586.0149' yStart='1507.7042' xEnd='1586.0149' yEnd='2257.7056' height='95.0' thickness='15.000001' pattern='hatchUp' leftSideColor='FF888888' rightSideColor='FF888888'/>
  <wall id='wall-a09efb8a-7840-4dfb-8aaa-120222d66205' level='level-7aeca572-9cce-4ed9-9bab-fa6d42edc0a5' wallAtEnd='wall-e64b0cc4-c721-4d31-8d82-eb4eea2dc30e' xStart='761.1394' yStart='1507.7042' xEnd='761.13934' yEnd='2257.7056' height='95.0' thickness='15.000001' pattern='hatchUp' leftSideColor='FF888888' rightSideColor='FF888888'/>
  <wall id='wall-d18dc87e-3c5c-41e1-9ff0-84ad43f1d2bd' level='level-7aeca572-9cce-4ed9-9bab-fa6d42edc0a5' wallAtEnd='wall-ccdd8239-4499-4c87-913c-4b5b216179d0' xStart='761.1394' yStart='1777.7058' xEnd='1091.1411' yEnd='1777.7058' height='95.0' thickness='15.000001' pattern='hatchUp' leftSideColor='FF888888' rightSideColor='FF888888'/>
  <wall id='wall-ccdd8239-4499-4c87-913c-4b5b216179d0' level='level-7aeca572-9cce-4ed9-9bab-fa6d42edc0a5' wallAtStart='wall-d18dc87e-3c5c-41e1-9ff0-84ad43f1d2bd' xStart='1091.1411' yStart='1777.7058' xEnd='1091.1411' yEnd='1507.7042' height='95.0' thickness='15.000001' pattern='hatchUp' leftSideColor='FF888888' rightSideColor='FF888888'/>
  <wall id='wall-addd2b25-a48b-432f-b3f2-c5c9ddbc7d16' level='level-7aeca572-9cce-4ed9-9bab-fa6d42edc0a5' xStart='761.0185' yStart='1987.7083' xEnd='1336.0167' yEnd='1987.7083' height='95.0' thickness='15.000001' pattern='hatchUp' leftSideColor='FF888888' rightSideColor='FF888888'/>
  <wall id='wall-ca88c35d-d151-4adf-88f8-656cb3b6c98a' level='level-7aeca572-9cce-4ed9-9bab-fa6d42edc0a5' wallAtStart='wall-c701a0ab-c3dc-4556-b2d5-d33fc7629213' xStart='1336.0167' yStart='1507.7042' xEnd='1336.0166' yEnd='2257.7056' height='95.0' thickness='15.000001' pattern='hatchUp' leftSideColor='FF888888' rightSideColor='FF888888'/>
  <wall id='wall-ed8ee7cc-b452-48e7-8fd8-412ed98f543b' level='level-7aeca572-9cce-4ed9-9bab-fa6d42edc0a5' xStart='1336.0167' yStart='1707.7048' xEnd='1586.0149' yEnd='1707.7048' height='95.0' thickness='15.000001' pattern='hatchUp' leftSideColor='FF888888' rightSideColor='FF888888'/>
  <wall id='wall-e64b0cc4-c721-4d31-8d82-eb4eea2dc30e' level='level-7aeca572-9cce-4ed9-9bab-fa6d42edc0a5' wallAtStart='wall-a09efb8a-7840-4dfb-8aaa-120222d66205' wallAtEnd='wall-4c137e67-944a-4c9e-934d-ba92fdf23efb' xStart='761.13934' yStart='2257.7056' xEnd='761.13934' yEnd='2481.7056' height='95.0' thickness='15.000001' pattern='hatchUp' leftSideColor='FF888888' rightSideColor='FF888888'/>
  <wall id='wall-4c137e67-944a-4c9e-934d-ba92fdf23efb' level='level-7aeca572-9cce-4ed9-9bab-fa6d42edc0a5' wallAtStart='wall-e64b0cc4-c721-4d31-8d82-eb4eea2dc30e' wallAtEnd='wall-691a392c-c6a5-4a43-86a4-81469b46a7a0' xStart='761.13934' yStart='2481.7056' xEnd='1211.0198' yEnd='2481.7056' height='95.0' thickness='15.000001' pattern='hatchUp' leftSideColor='FF888888' rightSideColor='FF888888'/>
  <wall id='wall-691a392c-c6a5-4a43-86a4-81469b46a7a0' level='level-7aeca572-9cce-4ed9-9bab-fa6d42edc0a5' wallAtStart='wall-4c137e67-944a-4c9e-934d-ba92fdf23efb' xStart='1211.0198' yStart='2481.7056' xEnd='1211.0198' yEnd='2257.7056' height='95.0' thickness='15.000001' pattern='hatchUp' leftSideColor='FF888888' rightSideColor='FF888888'/>
  <wall id='wall-51842c80-4da5-46ab-86d9-e01aa1d847da' level='level-7aeca572-9cce-4ed9-9bab-fa6d42edc0a5' wallAtStart='wall-725656b8-3660-41ab-8697-50fa0d322d8c' wallAtEnd='wall-7c2b9bdc-61c4-476e-81e0-5c051ac53db7' xStart='1586.0149' yStart='2257.7056' xEnd='386.13873' yEnd='2257.7056' height='95.0' thickness='15.000001' pattern='hatchUp' leftSideColor='FF888888' rightSideColor='FF888888'/>
  <wall id='wall-65383cdb-1647-4d85-9935-ca9a76e8693e' level='level-7aeca572-9cce-4ed9-9bab-fa6d42edc0a5' wallAtEnd='wall-7c2b9bdc-61c4-476e-81e0-5c051ac53db7' xStart='413.5257' yStart='1507.7042' xEnd='386.13873' yEnd='1507.7042' height='95.0' thickness='15.000001' pattern='hatchUp' leftSideColor='FF888888' rightSideColor='FF888888'/>
  <wall id='wall-7c2b9bdc-61c4-476e-81e0-5c051ac53db7' level='level-7aeca572-9cce-4ed9-9bab-fa6d42edc0a5' wallAtStart='wall-65383cdb-1647-4d85-9935-ca9a76e8693e' wallAtEnd='wall-51842c80-4da5-46ab-86d9-e01aa1d847da' xStart='386.13873' yStart='1507.7042' xEnd='386.13873' yEnd='2257.7056' height='95.0' thickness='15.000001' pattern='hatchUp' leftSideColor='FF888888' rightSideColor='FF888888'/>
  <wall id='wall-c701a0ab-c3dc-4556-b2d5-d33fc7629213' level='level-7aeca572-9cce-4ed9-9bab-fa6d42edc0a5' wallAtStart='wall-ca88c35d-d151-4adf-88f8-656cb3b6c98a' wallAtEnd='wall-487dc3f7-30b7-471d-9bb5-0448e1b30896' xStart='1336.0167' yStart='1507.7042' xEnd='1460.0149' yEnd='1507.7042' height='95.0' thickness='15.000001' pattern='hatchUp' leftSideColor='FF888888' rightSideColor='FF888888'/>
  <wall id='wall-487dc3f7-30b7-471d-9bb5-0448e1b30896' level='level-7aeca572-9cce-4ed9-9bab-fa6d42edc0a5' wallAtStart='wall-c701a0ab-c3dc-4556-b2d5-d33fc7629213' xStart='1460.0149' yStart='1507.7042' xEnd='1460.0149' yEnd='1707.7048' height='95.0' thickness='15.000001' pattern='hatchUp' leftSideColor='FF888888' rightSideColor='FF888888'/>
  <wall id='wall-0a1306fc-3438-4dae-9cff-77b25b3b4cf7' level='level-7aeca572-9cce-4ed9-9bab-fa6d42edc0a5' wallAtEnd='wall-e742fc3c-790c-482b-af8e-ed90296f299d' xStart='386.13873' yStart='1882.707' xEnd='761.1394' yEnd='1882.707' height='95.0' thickness='15.000001' pattern='hatchUp' leftSideColor='FF888888' rightSideColor='FF888888'/>
  <wall id='wall-e742fc3c-790c-482b-af8e-ed90296f299d' level='level-7aeca572-9cce-4ed9-9bab-fa6d42edc0a5' wallAtStart='wall-0a1306fc-3438-4dae-9cff-77b25b3b4cf7' xStart='761.1394' yStart='1882.707' xEnd='761.1394' yEnd='1927.707' height='95.0' thickness='15.000001' pattern='hatchUp' leftSideColor='FF888888' rightSideColor='FF888888'/>
  <wall id='wall-30dfc206-d861-4970-b5e5-64aae300b523' level='level-7aeca572-9cce-4ed9-9bab-fa6d42edc0a5' wallAtEnd='wall-725656b8-3660-41ab-8697-50fa0d322d8c' xStart='386.1387' yStart='1507.7042' xEnd='1586.0149' yEnd='1507.7042' height='95.0' thickness='15.000001' pattern='hatchUp' leftSideColor='FF888888' rightSideColor='FF888888'/>
  <wall id='wall-8f9aa2d0-ad94-4df9-98d6-6397ed4d874b' level='level-5d4e0902-0689-4189-bf49-a62df760f1a5' xStart='743.1415' yStart='2481.303' xEnd='779.1415' yEnd='2481.303' height='520.0' thickness='36.000004' pattern='hatchUp' leftSideColor='FF888888' rightSideColor='FF888888'/>
  <wall id='wall-42dfe108-71d2-46e6-9b41-522adf368ea5' level='level-5d4e0902-0689-4189-bf49-a62df760f1a5' xStart='1193.0016' yStart='2480.9368' xEnd='1229.0016' yEnd='2480.9368' height='520.0' thickness='36.000004' pattern='hatchUp' leftSideColor='FF888888' rightSideColor='FF888888'/>
  <wall id='wall-2bc1396f-09d4-4998-8e4a-71c684765c79' level='level-5d4e0902-0689-4189-bf49-a62df760f1a5' xStart='368.4677' yStart='2256.923' xEnd='404.4677' yEnd='2256.923' height='520.0' thickness='36.000004' pattern='hatchUp' leftSideColor='FF888888' rightSideColor='FF888888'/>
  <wall id='wall-652411b8-e03e-46d4-be0a-cd257a3d6fdb' level='level-5d4e0902-0689-4189-bf49-a62df760f1a5' xStart='743.06934' yStart='2257.414' xEnd='779.06934' yEnd='2257.414' height='520.0' thickness='36.000004' pattern='hatchUp' leftSideColor='FF888888' rightSideColor='FF888888'/>
  <wall id='wall-aea1d20a-8b20-40a7-b1e6-6bdaa07a0a65' level='level-5d4e0902-0689-4189-bf49-a62df760f1a5' xStart='1193.018' yStart='2258.267' xEnd='1229.018' yEnd='2258.267' height='520.0' thickness='36.000004' pattern='hatchUp' leftSideColor='FF888888' rightSideColor='FF888888'/>
  <wall id='wall-a5fecd05-c6aa-4dcd-b6ff-d3dd51569be2' level='level-5d4e0902-0689-4189-bf49-a62df760f1a5' xStart='1567.5875' yStart='2256.8203' xEnd='1603.5875' yEnd='2256.8203' height='520.0' thickness='36.000004' pattern='hatchUp' leftSideColor='FF888888' rightSideColor='FF888888'/>
  <wall id='wall-343a093f-fe4b-4371-bf0e-697a74b761f6' level='level-5d4e0902-0689-4189-bf49-a62df760f1a5' xStart='367.89404' yStart='1882.0492' xEnd='403.894' yEnd='1882.0492' height='520.0' thickness='36.000004' pattern='hatchUp' leftSideColor='FF888888' rightSideColor='FF888888'/>
  <wall id='wall-c6214366-2510-4b68-a11c-1e8b8ffa070d' level='level-5d4e0902-0689-4189-bf49-a62df760f1a5' xStart='368.23737' yStart='1507.9885' xEnd='404.23773' yEnd='1507.9885' height='520.0' thickness='36.000004' pattern='hatchUp' leftSideColor='FF888888' rightSideColor='FF888888'/>
  <wall id='wall-2b3e2611-8086-4e55-899e-827565d87221' level='level-5d4e0902-0689-4189-bf49-a62df760f1a5' xStart='742.84076' yStart='1881.9673' xEnd='778.84076' yEnd='1881.9673' height='520.0' thickness='36.000004' pattern='hatchUp' leftSideColor='FF888888' rightSideColor='FF888888'/>
  <wall id='wall-0f71a3e3-d528-4dc5-95f1-13505bf884d6' level='level-5d4e0902-0689-4189-bf49-a62df760f1a5' xStart='743.28394' yStart='1507.893' xEnd='779.28394' yEnd='1507.893' height='520.0' thickness='36.000004' pattern='hatchUp' leftSideColor='FF888888' rightSideColor='FF888888'/>
  <wall id='wall-705a5f7a-978f-45ed-9ab8-080112efa844' level='level-5d4e0902-0689-4189-bf49-a62df760f1a5' xStart='1211.0198' yStart='1630.7042' xEnd='1211.0198' yEnd='1630.7042' height='520.0' thickness='30.000002' pattern='hatchUp' leftSideColor='FF888888' rightSideColor='FF888888'/>
  <wall id='wall-636f6af4-378f-453e-b95a-503676e954ca' level='level-5d4e0902-0689-4189-bf49-a62df760f1a5' xStart='1193.2769' yStart='1507.1366' xEnd='1229.2769' yEnd='1507.1366' height='520.0' thickness='36.000004' pattern='hatchUp' leftSideColor='FF888888' rightSideColor='FF888888'/>
  <wall id='wall-b3b39012-0e10-49f9-9a2a-6aece0674bf2' level='level-5d4e0902-0689-4189-bf49-a62df760f1a5' xStart='1567.7162' yStart='1507.3076' xEnd='1603.7162' yEnd='1507.3076' height='520.0' thickness='36.000004' pattern='hatchUp' leftSideColor='FF888888' rightSideColor='FF888888'/>
  <wall id='wall-fb084077-aa10-4f90-a11e-2c6e73a6a7b1' level='level-5d4e0902-0689-4189-bf49-a62df760f1a5' xStart='1567.6621' yStart='1881.0809' xEnd='1603.6621' yEnd='1881.0809' height='520.0' thickness='36.000004' pattern='hatchUp' leftSideColor='FF888888' rightSideColor='FF888888'/>
  <wall id='wall-c0fc3cca-cdf8-4ecb-9548-3e561e15f095' level='level-5d4e0902-0689-4189-bf49-a62df760f1a5' xStart='1193.0847' yStart='1987.4502' xEnd='1229.0847' yEnd='1987.4502' height='520.0' thickness='36.000004' pattern='hatchUp' leftSideColor='FF888888' rightSideColor='FF888888'/>
  <wall id='wall-d118f81c-0772-4c14-909f-482b996a3f54' level='level-5d4e0902-0689-4189-bf49-a62df760f1a5' xStart='1211.0198' yStart='1960.7056' xEnd='1211.0198' yEnd='1960.7056' height='520.0' thickness='30.000002' pattern='hatchUp' leftSideColor='FF888888' rightSideColor='FF888888'/>
  <wall id='wall-10837a38-caa4-498e-b47a-553cbf3c7317' level='level-afe4dae2-10e0-4d1d-a77a-cb4a96fe2686' wallAtStart='wall-8f8ae774-6833-4128-b4d3-fad905ac8212' wallAtEnd='wall-5347e03f-6f65-4a7a-b8e3-4088387789aa' xStart='1586.0149' yStart='1507.7042' xEnd='1586.0149' yEnd='2257.7056' height='70.0' thickness='15.000001' pattern='hatchUp' leftSideColor='FF84240C' rightSideColor='FF84240C'/>
  <wall id='wall-0e7d2586-5fb6-4071-9968-c27f3f01dd46' level='level-afe4dae2-10e0-4d1d-a77a-cb4a96fe2686' wallAtEnd='wall-f8b28020-a83b-455f-a1e2-c0ef990e2cc3' xStart='761.1394' yStart='1507.7042' xEnd='761.13934' yEnd='2257.7056' height='70.0' thickness='15.000001' pattern='hatchUp' leftSideColor='FF84240C' rightSideColor='FF84240C'/>
  <wall id='wall-c79d4be4-8b15-47f4-8f9b-6598e94464ee' level='level-afe4dae2-10e0-4d1d-a77a-cb4a96fe2686' wallAtEnd='wall-033bbb6d-cc20-4912-9e85-d56833162ae1' xStart='761.1394' yStart='1777.7058' xEnd='1091.1411' yEnd='1777.7058' height='70.0' thickness='15.000001' pattern='hatchUp' leftSideColor='FF84240C' rightSideColor='FF84240C'/>
  <wall id='wall-033bbb6d-cc20-4912-9e85-d56833162ae1' level='level-afe4dae2-10e0-4d1d-a77a-cb4a96fe2686' wallAtStart='wall-c79d4be4-8b15-47f4-8f9b-6598e94464ee' xStart='1091.1411' yStart='1777.7058' xEnd='1091.1411' yEnd='1507.7042' height='70.0' thickness='15.000001' pattern='hatchUp' leftSideColor='FF84240C' rightSideColor='FF84240C'/>
  <wall id='wall-11716d0f-eee1-4363-a975-9b9928935d75' level='level-afe4dae2-10e0-4d1d-a77a-cb4a96fe2686' xStart='761.0185' yStart='1987.7083' xEnd='1336.0167' yEnd='1987.7083' height='70.0' thickness='15.000001' pattern='hatchUp' leftSideColor='FF84240C' rightSideColor='FF84240C'/>
  <wall id='wall-c75ebb05-8e88-49f8-9270-72e47cf3985d' level='level-afe4dae2-10e0-4d1d-a77a-cb4a96fe2686' wallAtStart='wall-eed27de9-6ceb-4d6f-acc6-0cb0f84af8ed' xStart='1336.0167' yStart='1507.7042' xEnd='1336.0166' yEnd='2257.7056' height='70.0' thickness='15.000001' pattern='hatchUp' leftSideColor='FF84240C' rightSideColor='FF84240C'/>
  <wall id='wall-a001ee4d-7d67-4e77-948e-5cd6b84b4e8b' level='level-afe4dae2-10e0-4d1d-a77a-cb4a96fe2686' xStart='1336.0167' yStart='1707.7048' xEnd='1586.0149' yEnd='1707.7048' height='70.0' thickness='15.000001' pattern='hatchUp' leftSideColor='FF84240C' rightSideColor='FF84240C'/>
  <wall id='wall-f8b28020-a83b-455f-a1e2-c0ef990e2cc3' level='level-afe4dae2-10e0-4d1d-a77a-cb4a96fe2686' wallAtStart='wall-0e7d2586-5fb6-4071-9968-c27f3f01dd46' wallAtEnd='wall-650ffa69-6072-47eb-96c5-27341ea46cc6' xStart='761.13934' yStart='2257.7056' xEnd='761.13934' yEnd='2481.7056' height='70.0' thickness='15.000001' pattern='hatchUp' leftSideColor='FF84240C' rightSideColor='FF84240C'/>
  <wall id='wall-650ffa69-6072-47eb-96c5-27341ea46cc6' level='level-afe4dae2-10e0-4d1d-a77a-cb4a96fe2686' wallAtStart='wall-f8b28020-a83b-455f-a1e2-c0ef990e2cc3' wallAtEnd='wall-43810acf-a878-4616-90c7-45fcc92bacfe' xStart='761.13934' yStart='2481.7056' xEnd='1211.0198' yEnd='2481.7056' height='70.0' thickness='15.000001' pattern='hatchUp' leftSideColor='FF84240C' rightSideColor='FF84240C'/>
  <wall id='wall-43810acf-a878-4616-90c7-45fcc92bacfe' level='level-afe4dae2-10e0-4d1d-a77a-cb4a96fe2686' wallAtStart='wall-650ffa69-6072-47eb-96c5-27341ea46cc6' xStart='1211.0198' yStart='2481.7056' xEnd='1211.0198' yEnd='2257.7056' height='70.0' thickness='15.000001' pattern='hatchUp' leftSideColor='FF84240C' rightSideColor='FF84240C'/>
  <wall id='wall-5347e03f-6f65-4a7a-b8e3-4088387789aa' level='level-afe4dae2-10e0-4d1d-a77a-cb4a96fe2686' wallAtStart='wall-10837a38-caa4-498e-b47a-553cbf3c7317' wallAtEnd='wall-15e876f7-d339-4af8-8c4d-8e5f92ecb420' xStart='1586.0149' yStart='2257.7056' xEnd='386.13873' yEnd='2257.7056' height='70.0' thickness='15.000001' pattern='hatchUp' leftSideColor='FF84240C' rightSideColor='FF84240C'/>
  <wall id='wall-efbe9227-f3a9-4365-9844-88971415d1a5' level='level-afe4dae2-10e0-4d1d-a77a-cb4a96fe2686' wallAtEnd='wall-15e876f7-d339-4af8-8c4d-8e5f92ecb420' xStart='413.5257' yStart='1507.7042' xEnd='386.13873' yEnd='1507.7042' height='70.0' thickness='15.000001' pattern='hatchUp' leftSideColor='FF84240C' rightSideColor='FF84240C'/>
  <wall id='wall-15e876f7-d339-4af8-8c4d-8e5f92ecb420' level='level-afe4dae2-10e0-4d1d-a77a-cb4a96fe2686' wallAtStart='wall-efbe9227-f3a9-4365-9844-88971415d1a5' wallAtEnd='wall-5347e03f-6f65-4a7a-b8e3-4088387789aa' xStart='386.13873' yStart='1507.7042' xEnd='386.13873' yEnd='2257.7056' height='70.0' thickness='15.000001' pattern='hatchUp' leftSideColor='FF84240C' rightSideColor='FF84240C'/>
  <wall id='wall-eed27de9-6ceb-4d6f-acc6-0cb0f84af8ed' level='level-afe4dae2-10e0-4d1d-a77a-cb4a96fe2686' wallAtStart='wall-c75ebb05-8e88-49f8-9270-72e47cf3985d' wallAtEnd='wall-d4cf7596-8657-4079-b003-be7a364299e3' xStart='1336.0167' yStart='1507.7042' xEnd='1460.0149' yEnd='1507.7042' height='70.0' thickness='15.000001' pattern='hatchUp' leftSideColor='FF84240C' rightSideColor='FF84240C'/>
  <wall id='wall-d4cf7596-8657-4079-b003-be7a364299e3' level='level-afe4dae2-10e0-4d1d-a77a-cb4a96fe2686' wallAtStart='wall-eed27de9-6ceb-4d6f-acc6-0cb0f84af8ed' xStart='1460.0149' yStart='1507.7042' xEnd='1460.0149' yEnd='1707.7048' height='70.0' thickness='15.000001' pattern='hatchUp' leftSideColor='FF84240C' rightSideColor='FF84240C'/>
  <wall id='wall-d0c79c02-188d-404a-bf1f-54ccf623cd94' level='level-afe4dae2-10e0-4d1d-a77a-cb4a96fe2686' wallAtEnd='wall-cf428b2f-ee15-4fa6-b6c7-8fc1426b8c7d' xStart='386.13873' yStart='1882.707' xEnd='761.1394' yEnd='1882.707' height='70.0' thickness='15.000001' pattern='hatchUp' leftSideColor='FF84240C' rightSideColor='FF84240C'/>
  <wall id='wall-cf428b2f-ee15-4fa6-b6c7-8fc1426b8c7d' level='level-afe4dae2-10e0-4d1d-a77a-cb4a96fe2686' wallAtStart='wall-d0c79c02-188d-404a-bf1f-54ccf623cd94' xStart='761.1394' yStart='1882.707' xEnd='761.1394' yEnd='1927.707' height='70.0' thickness='15.000001' pattern='hatchUp' leftSideColor='FF84240C' rightSideColor='FF84240C'/>
  <wall id='wall-8f8ae774-6833-4128-b4d3-fad905ac8212' level='level-afe4dae2-10e0-4d1d-a77a-cb4a96fe2686' wallAtEnd='wall-10837a38-caa4-498e-b47a-553cbf3c7317' xStart='386.1387' yStart='1507.7042' xEnd='1586.0149' yEnd='1507.7042' height='70.0' thickness='15.000001' pattern='hatchUp' leftSideColor='FF84240C' rightSideColor='FF84240C'/>
  <wall id='wall-db1dc69e-1565-48e4-b3d6-30a225df3ebb' level='level-d390e0b3-a2c8-4f85-9a61-c60521535670' wallAtStart='wall-6608dd74-bb5b-4bdd-b51d-5b257f3b0c74' wallAtEnd='wall-f10a18fa-2d45-498a-a371-b384a06c760a' xStart='1586.0149' yStart='1507.7042' xEnd='1586.0149' yEnd='2257.7056' height='495.0' thickness='15.000001' pattern='hatchUp'>
    <texture attribute='leftSideTexture' name='Small red bricks' creator='eTeks' catalogId='eTeks#smallRedBricks' width='36.2' height='14.9' image='15'/>
    <texture attribute='rightSideTexture' name='Small red bricks' creator='eTeks' catalogId='eTeks#smallRedBricks' width='36.2' height='14.9' image='15'/>
  </wall>
  <wall id='wall-2e376c18-5d19-4612-977c-caba2fca7e1d' level='level-d390e0b3-a2c8-4f85-9a61-c60521535670' wallAtEnd='wall-8acc978b-0fdb-45a2-904c-8a01d92dda5a' xStart='761.1394' yStart='1507.7042' xEnd='761.13934' yEnd='2257.7056' height='495.0' thickness='15.000001' pattern='hatchUp'>
    <texture attribute='leftSideTexture' name='Small red bricks' creator='eTeks' catalogId='eTeks#smallRedBricks' width='36.2' height='14.9' image='15'/>
    <texture attribute='rightSideTexture' name='Small red bricks' creator='eTeks' catalogId='eTeks#smallRedBricks' width='36.2' height='14.9' image='15'/>
  </wall>
  <wall id='wall-84ec93ec-cd39-4797-8918-2bea336329c1' level='level-d390e0b3-a2c8-4f85-9a61-c60521535670' wallAtEnd='wall-7ac511cf-0208-4b6a-bc15-4b67a08c8861' xStart='761.1394' yStart='1777.7058' xEnd='1091.1411' yEnd='1777.7058' height='495.0' thickness='15.000001' pattern='hatchUp'>
    <texture attribute='leftSideTexture' name='Small red bricks' creator='eTeks' catalogId='eTeks#smallRedBricks' width='36.2' height='14.9' image='15'/>
    <texture attribute='rightSideTexture' name='Small red bricks' creator='eTeks' catalogId='eTeks#smallRedBricks' width='36.2' height='14.9' image='15'/>
  </wall>
  <wall id='wall-7ac511cf-0208-4b6a-bc15-4b67a08c8861' level='level-d390e0b3-a2c8-4f85-9a61-c60521535670' wallAtStart='wall-84ec93ec-cd39-4797-8918-2bea336329c1' xStart='1091.1411' yStart='1777.7058' xEnd='1091.1411' yEnd='1507.7042' height='495.0' thickness='15.000001' pattern='hatchUp'>
    <texture attribute='leftSideTexture' name='Small red bricks' creator='eTeks' catalogId='eTeks#smallRedBricks' width='36.2' height='14.9' image='15'/>
    <texture attribute='rightSideTexture' name='Small red bricks' creator='eTeks' catalogId='eTeks#smallRedBricks' width='36.2' height='14.9' image='15'/>
  </wall>
  <wall id='wall-9c3c390e-6c90-4737-9018-0e98f137a169' level='level-d390e0b3-a2c8-4f85-9a61-c60521535670' xStart='761.0185' yStart='1987.7083' xEnd='1336.0167' yEnd='1987.7083' height='495.0' thickness='15.000001' pattern='hatchUp'>
    <texture attribute='leftSideTexture' name='Small red bricks' creator='eTeks' catalogId='eTeks#smallRedBricks' width='36.2' height='14.9' image='15'/>
    <texture attribute='rightSideTexture' name='Small red bricks' creator='eTeks' catalogId='eTeks#smallRedBricks' width='36.2' height='14.9' image='15'/>
  </wall>
  <wall id='wall-9cf38f06-d242-47a2-a91f-c9f100d14c18' level='level-d390e0b3-a2c8-4f85-9a61-c60521535670' wallAtStart='wall-0b9d634b-644d-4891-977f-1c89bda91143' xStart='1336.0167' yStart='1507.7042' xEnd='1336.0166' yEnd='2257.7056' height='495.0' thickness='15.000001' pattern='hatchUp'>
    <texture attribute='leftSideTexture' name='Small red bricks' creator='eTeks' catalogId='eTeks#smallRedBricks' width='36.2' height='14.9' image='15'/>
    <texture attribute='rightSideTexture' name='Small red bricks' creator='eTeks' catalogId='eTeks#smallRedBricks' width='36.2' height='14.9' image='15'/>
  </wall>
  <wall id='wall-37cd01fa-a9c2-466f-b8e6-805aaaadc9b9' level='level-d390e0b3-a2c8-4f85-9a61-c60521535670' xStart='1336.0167' yStart='1707.7048' xEnd='1586.0149' yEnd='1707.7048' height='495.0' thickness='15.000001' pattern='hatchUp'>
    <texture attribute='leftSideTexture' name='Small red bricks' creator='eTeks' catalogId='eTeks#smallRedBricks' width='36.2' height='14.9' image='15'/>
    <texture attribute='rightSideTexture' name='Small red bricks' creator='eTeks' catalogId='eTeks#smallRedBricks' width='36.2' height='14.9' image='15'/>
  </wall>
  <wall id='wall-8acc978b-0fdb-45a2-904c-8a01d92dda5a' level='level-d390e0b3-a2c8-4f85-9a61-c60521535670' wallAtStart='wall-2e376c18-5d19-4612-977c-caba2fca7e1d' wallAtEnd='wall-7836c9f7-b720-4c7d-913f-eb2325158d93' xStart='761.13934' yStart='2257.7056' xEnd='761.13934' yEnd='2481.7056' height='110.00001' thickness='15.000001' pattern='hatchUp'>
    <texture attribute='leftSideTexture' name='Small red bricks' creator='eTeks' catalogId='eTeks#smallRedBricks' width='36.2' height='14.9' image='15'/>
    <texture attribute='rightSideTexture' name='Small red bricks' creator='eTeks' catalogId='eTeks#smallRedBricks' width='36.2' height='14.9' image='15'/>
  </wall>
  <wall id='wall-7836c9f7-b720-4c7d-913f-eb2325158d93' level='level-d390e0b3-a2c8-4f85-9a61-c60521535670' wallAtStart='wall-8acc978b-0fdb-45a2-904c-8a01d92dda5a' wallAtEnd='wall-62b9ee59-8149-4235-8cb9-2bef1eaba17a' xStart='761.13934' yStart='2481.7056' xEnd='1211.0198' yEnd='2481.7056' height='110.00001' thickness='15.000001' pattern='hatchUp'>
    <texture attribute='leftSideTexture' name='Small red bricks' creator='eTeks' catalogId='eTeks#smallRedBricks' width='36.2' height='14.9' image='15'/>
    <texture attribute='rightSideTexture' name='Small red bricks' creator='eTeks' catalogId='eTeks#smallRedBricks' width='36.2' height='14.9' image='15'/>
  </wall>
  <wall id='wall-62b9ee59-8149-4235-8cb9-2bef1eaba17a' level='level-d390e0b3-a2c8-4f85-9a61-c60521535670' wallAtStart='wall-7836c9f7-b720-4c7d-913f-eb2325158d93' xStart='1211.0198' yStart='2481.7056' xEnd='1211.0198' yEnd='2257.7056' height='110.00001' thickness='15.000001' pattern='hatchUp'>
    <texture attribute='leftSideTexture' name='Small red bricks' creator='eTeks' catalogId='eTeks#smallRedBricks' width='36.2' height='14.9' image='15'/>
    <texture attribute='rightSideTexture' name='Small red bricks' creator='eTeks' catalogId='eTeks#smallRedBricks' width='36.2' height='14.9' image='15'/>
  </wall>
  <wall id='wall-f10a18fa-2d45-498a-a371-b384a06c760a' level='level-d390e0b3-a2c8-4f85-9a61-c60521535670' wallAtStart='wall-db1dc69e-1565-48e4-b3d6-30a225df3ebb' wallAtEnd='wall-d7c03061-9a72-4613-bc40-df0124cd381b' xStart='1586.0149' yStart='2257.7056' xEnd='386.13873' yEnd='2257.7056' height='495.0' thickness='15.000001' pattern='hatchUp'>
    <texture attribute='leftSideTexture' name='Small red bricks' creator='eTeks' catalogId='eTeks#smallRedBricks' width='36.2' height='14.9' image='15'/>
    <texture attribute='rightSideTexture' name='Small red bricks' creator='eTeks' catalogId='eTeks#smallRedBricks' width='36.2' height='14.9' image='15'/>
  </wall>
  <wall id='wall-28b8c423-d190-4ce0-b0ff-038706ed4772' level='level-d390e0b3-a2c8-4f85-9a61-c60521535670' wallAtEnd='wall-d7c03061-9a72-4613-bc40-df0124cd381b' xStart='413.5257' yStart='1507.7042' xEnd='386.13873' yEnd='1507.7042' height='495.0' thickness='15.000001' pattern='hatchUp'>
    <texture attribute='leftSideTexture' name='Small red bricks' creator='eTeks' catalogId='eTeks#smallRedBricks' width='36.2' height='14.9' image='15'/>
    <texture attribute='rightSideTexture' name='Small red bricks' creator='eTeks' catalogId='eTeks#smallRedBricks' width='36.2' height='14.9' image='15'/>
  </wall>
  <wall id='wall-d7c03061-9a72-4613-bc40-df0124cd381b' level='level-d390e0b3-a2c8-4f85-9a61-c60521535670' wallAtStart='wall-28b8c423-d190-4ce0-b0ff-038706ed4772' wallAtEnd='wall-f10a18fa-2d45-498a-a371-b384a06c760a' xStart='386.13873' yStart='1507.7042' xEnd='386.13873' yEnd='2257.7056' height='495.0' thickness='15.000001' pattern='hatchUp'>
    <texture attribute='leftSideTexture' name='Small red bricks' creator='eTeks' catalogId='eTeks#smallRedBricks' width='36.2' height='14.9' image='15'/>
    <texture attribute='rightSideTexture' name='Small red bricks' creator='eTeks' catalogId='eTeks#smallRedBricks' width='36.2' height='14.9' image='15'/>
  </wall>
  <wall id='wall-0b9d634b-644d-4891-977f-1c89bda91143' level='level-d390e0b3-a2c8-4f85-9a61-c60521535670' wallAtStart='wall-9cf38f06-d242-47a2-a91f-c9f100d14c18' wallAtEnd='wall-46a38d27-5b22-4f3c-bde5-031eeb6fed65' xStart='1336.0167' yStart='1507.7042' xEnd='1460.0149' yEnd='1507.7042' height='495.0' thickness='15.000001' pattern='hatchUp'>
    <texture attribute='leftSideTexture' name='Small red bricks' creator='eTeks' catalogId='eTeks#smallRedBricks' width='36.2' height='14.9' image='15'/>
    <texture attribute='rightSideTexture' name='Small red bricks' creator='eTeks' catalogId='eTeks#smallRedBricks' width='36.2' height='14.9' image='15'/>
  </wall>
  <wall id='wall-46a38d27-5b22-4f3c-bde5-031eeb6fed65' level='level-d390e0b3-a2c8-4f85-9a61-c60521535670' wallAtStart='wall-0b9d634b-644d-4891-977f-1c89bda91143' xStart='1460.0149' yStart='1507.7042' xEnd='1460.0149' yEnd='1707.7048' height='495.0' thickness='15.000001' pattern='hatchUp'>
    <texture attribute='leftSideTexture' name='Small red bricks' creator='eTeks' catalogId='eTeks#smallRedBricks' width='36.2' height='14.9' image='15'/>
    <texture attribute='rightSideTexture' name='Small red bricks' creator='eTeks' catalogId='eTeks#smallRedBricks' width='36.2' height='14.9' image='15'/>
  </wall>
  <wall id='wall-45f07478-b9fe-40fe-9eb3-bc177b9cb72a' level='level-d390e0b3-a2c8-4f85-9a61-c60521535670' wallAtEnd='wall-71b22d81-a98e-4a98-a47b-06f3fd231cb9' xStart='386.13873' yStart='1882.707' xEnd='761.1394' yEnd='1882.707' height='495.0' thickness='15.000001' pattern='hatchUp'>
    <texture attribute='leftSideTexture' name='Small red bricks' creator='eTeks' catalogId='eTeks#smallRedBricks' width='36.2' height='14.9' image='15'/>
    <texture attribute='rightSideTexture' name='Small red bricks' creator='eTeks' catalogId='eTeks#smallRedBricks' width='36.2' height='14.9' image='15'/>
  </wall>
  <wall id='wall-71b22d81-a98e-4a98-a47b-06f3fd231cb9' level='level-d390e0b3-a2c8-4f85-9a61-c60521535670' wallAtStart='wall-45f07478-b9fe-40fe-9eb3-bc177b9cb72a' xStart='761.1394' yStart='1882.707' xEnd='761.1394' yEnd='1927.707' height='495.0' thickness='15.000001' pattern='hatchUp'>
    <texture attribute='leftSideTexture' name='Small red bricks' creator='eTeks' catalogId='eTeks#smallRedBricks' width='36.2' height='14.9' image='15'/>
    <texture attribute='rightSideTexture' name='Small red bricks' creator='eTeks' catalogId='eTeks#smallRedBricks' width='36.2' height='14.9' image='15'/>
  </wall>
  <wall id='wall-6608dd74-bb5b-4bdd-b51d-5b257f3b0c74' level='level-d390e0b3-a2c8-4f85-9a61-c60521535670' wallAtEnd='wall-db1dc69e-1565-48e4-b3d6-30a225df3ebb' xStart='386.1387' yStart='1507.7042' xEnd='1586.0149' yEnd='1507.7042' height='495.0' thickness='15.000001' pattern='hatchUp'>
    <texture attribute='leftSideTexture' name='Small red bricks' creator='eTeks' catalogId='eTeks#smallRedBricks' width='36.2' height='14.9' image='15'/>
    <texture attribute='rightSideTexture' name='Small red bricks' creator='eTeks' catalogId='eTeks#smallRedBricks' width='36.2' height='14.9' image='15'/>
  </wall>
  <wall id='wall-7f8e5219-f9cb-4bb3-b436-c92e05161246' level='level-af9186f3-2905-47cf-945a-f909418d792b' xStart='1329.7646' yStart='2259.4268' xEnd='1344.7638' yEnd='2259.4268' height='520.0' thickness='15.000001' pattern='hatchUp' leftSideColor='FF888888' rightSideColor='FF888888'/>
  <wall id='wall-9682b23d-a879-47c3-80e9-51d15d897393' level='level-af9186f3-2905-47cf-945a-f909418d792b' xStart='1083.6539' yStart='1507.6044' xEnd='1098.6539' yEnd='1507.6044' height='520.0' thickness='15.000001' pattern='hatchUp' leftSideColor='FF888888' rightSideColor='FF888888'/>
  <wall id='wall-c1c11919-6fff-4147-837d-841a15bffc1f' level='level-af9186f3-2905-47cf-945a-f909418d792b' xStart='1452.3811' yStart='1507.5668' xEnd='1467.3802' yEnd='1507.5668' height='520.0' thickness='15.000001' pattern='hatchUp' leftSideColor='FF888888' rightSideColor='FF888888'/>
  <wall id='wall-53ebaac5-3840-4e9d-b1f8-7c26c4c6c68c' level='level-af9186f3-2905-47cf-945a-f909418d792b' xStart='1328.4484' yStart='1507.5183' xEnd='1343.4486' yEnd='1507.5183' height='520.0' thickness='15.000001' pattern='hatchUp' leftSideColor='FF888888' rightSideColor='FF888888'/>
  <wall id='wall-16aa701e-72c6-47e7-8a3c-b51b0cb633fe' level='level-af9186f3-2905-47cf-945a-f909418d792b' xStart='1452.1935' yStart='1708.088' xEnd='1467.1926' yEnd='1708.088' height='520.0' thickness='15.000001' pattern='hatchUp' leftSideColor='FF888888' rightSideColor='FF888888'/>
  <wall id='wall-9317a151-ae57-4edc-9cd2-ea16eee311cb' level='level-af9186f3-2905-47cf-945a-f909418d792b' xStart='1578.6803' yStart='1707.994' xEnd='1593.6799' yEnd='1707.994' height='520.0' thickness='15.000001' pattern='hatchUp' leftSideColor='FF888888' rightSideColor='FF888888'/>
  <wall id='wall-7eabf27d-ee7c-42bc-a6e5-86329326d461' level='level-af9186f3-2905-47cf-945a-f909418d792b' xStart='1327.8177' yStart='1705.3663' xEnd='1342.8168' yEnd='1705.3663' height='520.0' thickness='15.000001' pattern='hatchUp' leftSideColor='FF888888' rightSideColor='FF888888'/>
  <wall id='wall-8c7b333b-4640-4f2b-abf2-7eadaa776ec8' level='level-af9186f3-2905-47cf-945a-f909418d792b' xStart='1084.7947' yStart='1779.1733' xEnd='1099.7937' yEnd='1779.1733' height='520.0' thickness='15.000001' pattern='hatchUp' leftSideColor='FF888888' rightSideColor='FF888888'/>
  <wall id='wall-09ac18c6-0cd7-4568-95f8-d7967d15e6ad' level='level-af9186f3-2905-47cf-945a-f909418d792b' xStart='753.5632' yStart='1777.3732' xEnd='768.56226' yEnd='1777.3732' height='520.0' thickness='15.000001' pattern='hatchUp' leftSideColor='FF888888' rightSideColor='FF888888'/>
  <wall id='wall-f717a9f1-4d34-4b35-a2de-83784a675dc3' level='level-af9186f3-2905-47cf-945a-f909418d792b' xStart='755.36334' yStart='1883.5833' xEnd='770.3624' yEnd='1883.5833' height='520.0' thickness='15.000001' pattern='hatchUp' leftSideColor='FF888888' rightSideColor='FF888888'/>
  <wall id='wall-4dbf4a53-8fb9-4514-a442-bb0002702d9d' level='level-af9186f3-2905-47cf-945a-f909418d792b' xStart='753.4798' yStart='1987.5371' xEnd='768.4789' yEnd='1987.5371' height='520.0' thickness='15.000001' pattern='hatchUp' leftSideColor='FF888888' rightSideColor='FF888888'/>
  <wall id='wall-c57ae716-c3ac-44aa-9162-d0a8dd576a4b' level='level-af9186f3-2905-47cf-945a-f909418d792b' xStart='1330.0337' yStart='1988.7181' xEnd='1345.0328' yEnd='1988.7181' height='520.0' thickness='15.000001' pattern='hatchUp' leftSideColor='FF888888' rightSideColor='FF888888'/>
  <wall id='wall-8b67d35e-a690-42b1-b8bf-0c19c6344a37' level='level-8ff8ccc6-4c92-49f6-89ee-9d6cf0071468' wallAtStart='wall-e6d368bd-3b20-416c-821c-65436a0ebfa7' wallAtEnd='wall-775b025a-6518-496e-95bd-b0556126dc2b' xStart='1586.0149' yStart='2257.7056' xEnd='1211.0198' yEnd='2257.7056' height='50.0' thickness='30.000002' pattern='hatchUp'/>
  <wall id='wall-775b025a-6518-496e-95bd-b0556126dc2b' level='level-8ff8ccc6-4c92-49f6-89ee-9d6cf0071468' wallAtStart='wall-8b67d35e-a690-42b1-b8bf-0c19c6344a37' wallAtEnd='wall-019eef21-1922-43db-8602-5387bb066372' xStart='1211.0198' yStart='2257.7056' xEnd='1211.0198' yEnd='1507.7042' height='50.0' thickness='30.000002' pattern='hatchUp' leftSideColor='FFFFDC7B' rightSideColor='FFFFDC7B'/>
  <wall id='wall-019eef21-1922-43db-8602-5387bb066372' level='level-8ff8ccc6-4c92-49f6-89ee-9d6cf0071468' wallAtStart='wall-775b025a-6518-496e-95bd-b0556126dc2b' xStart='1211.0198' yStart='1507.7042' xEnd='1336.0167' yEnd='1507.7042' height='50.0' thickness='30.000002' pattern='hatchUp'/>
  <wall id='wall-ee63e979-4222-4f55-8cd0-8ebc88413f4b' level='level-afe4dae2-10e0-4d1d-a77a-cb4a96fe2686' wallAtEnd='wall-6db424b8-b9ad-46b5-8a43-f99c2f472b83' xStart='1586.0149' yStart='2257.7056' xEnd='1211.0198' yEnd='2257.7056' height='70.0' thickness='15.000001' pattern='hatchUp' leftSideColor='FF84240C' rightSideColor='FF84240C'/>
  <wall id='wall-6db424b8-b9ad-46b5-8a43-f99c2f472b83' level='level-afe4dae2-10e0-4d1d-a77a-cb4a96fe2686' wallAtStart='wall-ee63e979-4222-4f55-8cd0-8ebc88413f4b' wallAtEnd='wall-6a5bc8bb-d15d-4a55-9eea-8b07872f5fc0' xStart='1211.0198' yStart='2257.7056' xEnd='1211.0198' yEnd='1507.7042' height='70.0' thickness='15.000001' pattern='hatchUp' leftSideColor='FF84240C' rightSideColor='FF84240C'/>
  <wall id='wall-6a5bc8bb-d15d-4a55-9eea-8b07872f5fc0' level='level-afe4dae2-10e0-4d1d-a77a-cb4a96fe2686' wallAtStart='wall-6db424b8-b9ad-46b5-8a43-f99c2f472b83' xStart='1211.0198' yStart='1507.7042' xEnd='1293.0198' yEnd='1507.7042' height='70.0' thickness='15.000001' pattern='hatchUp' leftSideColor='FF84240C' rightSideColor='FF84240C'/>
  <wall id='wall-66a77c35-c41a-44a4-ad2b-c9ce3da144de' level='level-7aeca572-9cce-4ed9-9bab-fa6d42edc0a5' wallAtEnd='wall-9bd1a300-29cb-450e-b3f3-0b6339bf8bea' xStart='1586.0149' yStart='2257.7056' xEnd='1211.0198' yEnd='2257.7056' height='95.0' thickness='15.000001' pattern='hatchUp' leftSideColor='FF888888' rightSideColor='FF888888'/>
  <wall id='wall-9bd1a300-29cb-450e-b3f3-0b6339bf8bea' level='level-7aeca572-9cce-4ed9-9bab-fa6d42edc0a5' wallAtStart='wall-66a77c35-c41a-44a4-ad2b-c9ce3da144de' wallAtEnd='wall-a40d15e3-7486-42ac-9c62-f8242f0efa07' xStart='1211.0198' yStart='2257.7056' xEnd='1211.0198' yEnd='1507.7042' height='95.0' thickness='15.000001' pattern='hatchUp' leftSideColor='FF888888' rightSideColor='FF888888'/>
  <wall id='wall-a40d15e3-7486-42ac-9c62-f8242f0efa07' level='level-7aeca572-9cce-4ed9-9bab-fa6d42edc0a5' wallAtStart='wall-9bd1a300-29cb-450e-b3f3-0b6339bf8bea' xStart='1211.0198' yStart='1507.7042' xEnd='1277.0198' yEnd='1507.7042' height='95.0' thickness='15.000001' pattern='hatchUp' leftSideColor='FF888888' rightSideColor='FF888888'/>
  <wall id='wall-28fdcbe3-e520-4f67-a979-102b79ad94cc' level='level-7e53e664-d010-4b3f-948f-694e27bcbfbf' wallAtStart='wall-a680adb5-f7dd-42dc-807c-299cf0ad47be' wallAtEnd='wall-b0adc85b-a95b-4637-9c8c-314b8c00a403' xStart='1586.0149' yStart='1507.7042' xEnd='1586.0149' yEnd='2257.7056' height='24.0' thickness='15.000001' pattern='hatchUp' leftSideColor='FF888888' rightSideColor='FF888888'/>
  <wall id='wall-4dcc8560-7633-4831-9339-d263b192f6c0' level='level-7e53e664-d010-4b3f-948f-694e27bcbfbf' wallAtEnd='wall-1e76c915-f7b3-4e19-baae-0c52df5b95de' xStart='761.1394' yStart='1507.7042' xEnd='761.13934' yEnd='2257.7056' height='24.0' thickness='15.000001' pattern='hatchUp' leftSideColor='FF888888' rightSideColor='FF888888'/>
  <wall id='wall-2a2bd42e-4146-46f5-8c29-167c4900ae73' level='level-7e53e664-d010-4b3f-948f-694e27bcbfbf' wallAtEnd='wall-d91a69df-2834-4d3d-8c6b-5fa5038668d6' xStart='761.1394' yStart='1777.7058' xEnd='1091.1411' yEnd='1777.7058' height='24.0' thickness='15.000001' pattern='hatchUp' leftSideColor='FF888888' rightSideColor='FF888888'/>
  <wall id='wall-d91a69df-2834-4d3d-8c6b-5fa5038668d6' level='level-7e53e664-d010-4b3f-948f-694e27bcbfbf' wallAtStart='wall-2a2bd42e-4146-46f5-8c29-167c4900ae73' xStart='1091.1411' yStart='1777.7058' xEnd='1091.1411' yEnd='1507.7042' height='24.0' thickness='15.000001' pattern='hatchUp' leftSideColor='FF888888' rightSideColor='FF888888'/>
  <wall id='wall-fe0df3da-cde4-4e42-abce-0bb46ebe1c10' level='level-7e53e664-d010-4b3f-948f-694e27bcbfbf' xStart='761.0185' yStart='1987.7083' xEnd='1336.0167' yEnd='1987.7083' height='24.0' thickness='15.000001' pattern='hatchUp' leftSideColor='FF888888' rightSideColor='FF888888'/>
  <wall id='wall-a30dec93-ed25-4f52-8cd0-3bb2931370fe' level='level-7e53e664-d010-4b3f-948f-694e27bcbfbf' wallAtStart='wall-79f80aff-bdbe-43af-9d1a-6a7ec2872e8c' xStart='1336.0167' yStart='1507.7042' xEnd='1336.0166' yEnd='2257.7056' height='24.0' thickness='15.000001' pattern='hatchUp' leftSideColor='FF888888' rightSideColor='FF888888'/>
  <wall id='wall-1b5b2efc-7379-4d18-8374-537ff37a4d0d' level='level-7e53e664-d010-4b3f-948f-694e27bcbfbf' xStart='1336.0167' yStart='1707.7048' xEnd='1586.0149' yEnd='1707.7048' height='24.0' thickness='15.000001' pattern='hatchUp' leftSideColor='FF888888' rightSideColor='FF888888'/>
  <wall id='wall-1e76c915-f7b3-4e19-baae-0c52df5b95de' level='level-7e53e664-d010-4b3f-948f-694e27bcbfbf' wallAtStart='wall-4dcc8560-7633-4831-9339-d263b192f6c0' wallAtEnd='wall-e94252c8-b9b3-4a6f-aec9-328699317315' xStart='761.13934' yStart='2257.7056' xEnd='761.13934' yEnd='2481.7056' height='24.0' thickness='15.000001' pattern='hatchUp' leftSideColor='FF888888' rightSideColor='FF888888'/>
  <wall id='wall-e94252c8-b9b3-4a6f-aec9-328699317315' level='level-7e53e664-d010-4b3f-948f-694e27bcbfbf' wallAtStart='wall-1e76c915-f7b3-4e19-baae-0c52df5b95de' wallAtEnd='wall-0462dac5-c10f-44ee-b854-7baa91651453' xStart='761.13934' yStart='2481.7056' xEnd='1211.0198' yEnd='2481.7056' height='24.0' thickness='15.000001' pattern='hatchUp' leftSideColor='FF888888' rightSideColor='FF888888'/>
  <wall id='wall-0462dac5-c10f-44ee-b854-7baa91651453' level='level-7e53e664-d010-4b3f-948f-694e27bcbfbf' wallAtStart='wall-e94252c8-b9b3-4a6f-aec9-328699317315' xStart='1211.0198' yStart='2481.7056' xEnd='1211.0198' yEnd='2257.7056' height='24.0' thickness='15.000001' pattern='hatchUp' leftSideColor='FF888888' rightSideColor='FF888888'/>
  <wall id='wall-b0adc85b-a95b-4637-9c8c-314b8c00a403' level='level-7e53e664-d010-4b3f-948f-694e27bcbfbf' wallAtStart='wall-28fdcbe3-e520-4f67-a979-102b79ad94cc' wallAtEnd='wall-e0161237-d9ba-4272-80fe-ff23fb114356' xStart='1586.0149' yStart='2257.7056' xEnd='386.13873' yEnd='2257.7056' height='24.0' thickness='15.000001' pattern='hatchUp' leftSideColor='FF888888' rightSideColor='FF888888'/>
  <wall id='wall-7adaaf98-aa76-4d7e-bef4-95e909b67561' level='level-7e53e664-d010-4b3f-948f-694e27bcbfbf' wallAtEnd='wall-e0161237-d9ba-4272-80fe-ff23fb114356' xStart='413.5257' yStart='1507.7042' xEnd='386.13873' yEnd='1507.7042' height='24.0' thickness='15.000001' pattern='hatchUp' leftSideColor='FF888888' rightSideColor='FF888888'/>
  <wall id='wall-e0161237-d9ba-4272-80fe-ff23fb114356' level='level-7e53e664-d010-4b3f-948f-694e27bcbfbf' wallAtStart='wall-7adaaf98-aa76-4d7e-bef4-95e909b67561' wallAtEnd='wall-b0adc85b-a95b-4637-9c8c-314b8c00a403' xStart='386.13873' yStart='1507.7042' xEnd='386.13873' yEnd='2257.7056' height='24.0' thickness='15.000001' pattern='hatchUp' leftSideColor='FF888888' rightSideColor='FF888888'/>
  <wall id='wall-79f80aff-bdbe-43af-9d1a-6a7ec2872e8c' level='level-7e53e664-d010-4b3f-948f-694e27bcbfbf' wallAtStart='wall-a30dec93-ed25-4f52-8cd0-3bb2931370fe' wallAtEnd='wall-2fcc6fd8-b325-4370-91a8-763c0cd849f3' xStart='1336.0167' yStart='1507.7042' xEnd='1460.0149' yEnd='1507.7042' height='24.0' thickness='15.000001' pattern='hatchUp' leftSideColor='FF888888' rightSideColor='FF888888'/>
  <wall id='wall-2fcc6fd8-b325-4370-91a8-763c0cd849f3' level='level-7e53e664-d010-4b3f-948f-694e27bcbfbf' wallAtStart='wall-79f80aff-bdbe-43af-9d1a-6a7ec2872e8c' xStart='1460.0149' yStart='1507.7042' xEnd='1460.0149' yEnd='1707.7048' height='24.0' thickness='15.000001' pattern='hatchUp' leftSideColor='FF888888' rightSideColor='FF888888'/>
  <wall id='wall-0111b19e-939c-451b-83a1-ef93eccd752f' level='level-7e53e664-d010-4b3f-948f-694e27bcbfbf' wallAtEnd='wall-5dd3abaf-f2d0-4248-a382-a9c5dbbccf06' xStart='386.13873' yStart='1882.707' xEnd='761.1394' yEnd='1882.707' height='24.0' thickness='15.000001' pattern='hatchUp' leftSideColor='FF888888' rightSideColor='FF888888'/>
  <wall id='wall-5dd3abaf-f2d0-4248-a382-a9c5dbbccf06' level='level-7e53e664-d010-4b3f-948f-694e27bcbfbf' wallAtStart='wall-0111b19e-939c-451b-83a1-ef93eccd752f' xStart='761.1394' yStart='1882.707' xEnd='761.1394' yEnd='1927.707' height='24.0' thickness='15.000001' pattern='hatchUp' leftSideColor='FF888888' rightSideColor='FF888888'/>
  <wall id='wall-a680adb5-f7dd-42dc-807c-299cf0ad47be' level='level-7e53e664-d010-4b3f-948f-694e27bcbfbf' wallAtEnd='wall-28fdcbe3-e520-4f67-a979-102b79ad94cc' xStart='386.1387' yStart='1507.7042' xEnd='1586.0149' yEnd='1507.7042' height='24.0' thickness='15.000001' pattern='hatchUp' leftSideColor='FF888888' rightSideColor='FF888888'/>
  <wall id='wall-3902333e-61c8-4ac1-ba6e-9a0ae1c9a8d5' level='level-7e53e664-d010-4b3f-948f-694e27bcbfbf' wallAtEnd='wall-da391295-315f-48ff-b252-273dc24480c9' xStart='1586.0149' yStart='2257.7056' xEnd='1211.0198' yEnd='2257.7056' height='24.0' thickness='15.000001' pattern='hatchUp' leftSideColor='FF888888' rightSideColor='FF888888'/>
  <wall id='wall-da391295-315f-48ff-b252-273dc24480c9' level='level-7e53e664-d010-4b3f-948f-694e27bcbfbf' wallAtStart='wall-3902333e-61c8-4ac1-ba6e-9a0ae1c9a8d5' wallAtEnd='wall-5ac4aafd-89db-4c2b-961b-60c724a3f034' xStart='1211.0198' yStart='2257.7056' xEnd='1211.0198' yEnd='1507.7042' height='24.0' thickness='15.000001' pattern='hatchUp' leftSideColor='FF888888' rightSideColor='FF888888'/>
  <wall id='wall-5ac4aafd-89db-4c2b-961b-60c724a3f034' level='level-7e53e664-d010-4b3f-948f-694e27bcbfbf' wallAtStart='wall-da391295-315f-48ff-b252-273dc24480c9' xStart='1211.0198' yStart='1507.7042' xEnd='1277.0198' yEnd='1507.7042' height='24.0' thickness='15.000001' pattern='hatchUp' leftSideColor='FF888888' rightSideColor='FF888888'/>
  <room id='room-8b5b37c9-70ac-40f7-b7c2-ab832c83ba6f' level='level-afe4dae2-10e0-4d1d-a77a-cb4a96fe2686' areaVisible='true' floorVisible='false' ceilingVisible='false' ceilingFlat='true'>
    <point x='401.13873' y='1522.7042'/>
    <point x='1571.0149' y='1522.7042'/>
    <point x='1571.0149' y='2242.7056'/>
    <point x='401.13873' y='2242.7056'/>
  </room>
  <room id='room-6df73767-dcfb-4c3a-a46a-a41517894f7a' level='level-7aeca572-9cce-4ed9-9bab-fa6d42edc0a5' areaVisible='true' floorColor='FF230700' ceilingVisible='false' ceilingColor='FF230700' ceilingFlat='true'>
    <point x='401.13873' y='1522.7042'/>
    <point x='746.1394' y='1522.7042'/>
    <point x='746.1394' y='1867.707'/>
    <point x='401.13873' y='1867.707'/>
  </room>
  <room id='room-5a9ceeed-f335-48fa-85f3-55fe41bbabd0' level='level-7aeca572-9cce-4ed9-9bab-fa6d42edc0a5' areaVisible='true' floorColor='FF230700' ceilingVisible='false' ceilingColor='FF230700' ceilingFlat='true'>
    <point x='401.13873' y='1897.707'/>
    <point x='746.1346' y='1897.707'/>
    <point x='746.0233' y='2242.7056'/>
    <point x='401.13873' y='2242.7056'/>
  </room>
  <room id='room-6aa9c31c-dd09-47ef-9032-8ec7eaee6665' level='level-7aeca572-9cce-4ed9-9bab-fa6d42edc0a5' areaVisible='true' floorColor='FF230700' ceilingVisible='false' ceilingColor='FF230700' ceilingFlat='true'>
    <point x='776.1394' y='1522.7042'/>
    <point x='1076.1411' y='1522.7042'/>
    <point x='1076.1411' y='1762.7058'/>
    <point x='776.1394' y='1762.7058'/>
  </room>
  <room id='room-7e5dc055-1ab7-4a80-9abd-735277cea60c' level='level-7aeca572-9cce-4ed9-9bab-fa6d42edc0a5' areaVisible='true' floorColor='FF230700' ceilingVisible='false' ceilingColor='FF230700' ceilingFlat='true'>
    <point x='776.1394' y='1792.7058'/>
    <point x='1106.1411' y='1792.7058'/>
    <point x='1106.1411' y='1522.7042'/>
    <point x='1321.0167' y='1522.7042'/>
    <point x='1321.0166' y='1972.7083'/>
    <point x='776.1104' y='1972.7083'/>
  </room>
  <room id='room-c3c6ee42-661c-4056-8b58-8b07d3025317' level='level-7aeca572-9cce-4ed9-9bab-fa6d42edc0a5' areaVisible='true' floorColor='FF230700' ceilingVisible='false' ceilingColor='FF230700' ceilingFlat='true'>
    <point x='776.1394' y='1792.7058'/>
    <point x='1321.0166' y='1792.7058'/>
    <point x='1321.0166' y='1972.7083'/>
    <point x='776.1104' y='1972.7083'/>
  </room>
  <room id='room-90b54d9c-45e9-481a-8de6-91dd2a3d2450' level='level-7aeca572-9cce-4ed9-9bab-fa6d42edc0a5' areaVisible='true' floorColor='FF230700' ceilingVisible='false' ceilingColor='FF230700' ceilingFlat='true'>
    <point x='1106.1411' y='1522.7042'/>
    <point x='1321.0167' y='1522.7042'/>
    <point x='1321.0166' y='1792.7058'/>
    <point x='1106.1411' y='1792.7058'/>
  </room>
  <room id='room-524d9d27-236b-4e97-bf06-d391a3812a2b' level='level-7aeca572-9cce-4ed9-9bab-fa6d42edc0a5' areaVisible='true' floorColor='FF230700' ceilingVisible='false' ceilingColor='FF230700' ceilingFlat='true'>
    <point x='776.1007' y='2002.7083'/>
    <point x='1321.0166' y='2002.7083'/>
    <point x='1321.0166' y='2242.7056'/>
    <point x='776.0233' y='2242.7056'/>
  </room>
  <room id='room-136a4bf5-4b8b-4125-8909-94bbf1841e74' level='level-7aeca572-9cce-4ed9-9bab-fa6d42edc0a5' areaVisible='true' floorColor='FF230700' ceilingVisible='false' ceilingColor='FF230700' ceilingFlat='true'>
    <point x='776.0185' y='2272.7056'/>
    <point x='1196.0198' y='2272.7056'/>
    <point x='1196.0198' y='2466.7056'/>
    <point x='776.0185' y='2466.7056'/>
    <point x='776.0185' y='2466.7056'/>
  </room>
  <room id='room-3e806579-771a-4498-81f2-8397422a38b0' level='level-7aeca572-9cce-4ed9-9bab-fa6d42edc0a5' areaVisible='true' floorColor='FF230700' ceilingVisible='false' ceilingColor='FF230700' ceilingFlat='true'>
    <point x='1351.0167' y='1722.7048'/>
    <point x='1571.0149' y='1722.7048'/>
    <point x='1571.0149' y='2242.7056'/>
    <point x='1351.0166' y='2242.7056'/>
  </room>
  <room id='room-6ac6e714-2ddf-4bb3-a7a5-9b40bb1b3d0d' level='level-7aeca572-9cce-4ed9-9bab-fa6d42edc0a5' areaVisible='true' floorColor='FF230700' ceilingVisible='false' ceilingColor='FF230700' ceilingFlat='true'>
    <point x='1351.0167' y='1522.7042'/>
    <point x='1445.0149' y='1522.7042'/>
    <point x='1445.0149' y='1692.7048'/>
    <point x='1351.0167' y='1692.7048'/>
  </room>
  <room id='room-c2406383-6be4-459a-994d-3c77e7e973a6' level='level-7aeca572-9cce-4ed9-9bab-fa6d42edc0a5' areaVisible='true' floorColor='FF230700' ceilingVisible='false' ceilingColor='FF230700' ceilingFlat='true'>
    <point x='1475.0149' y='1522.7042'/>
    <point x='1571.0149' y='1522.7042'/>
    <point x='1571.0149' y='1692.7048'/>
    <point x='1475.0149' y='1692.7048'/>
  </room>
</home>